-- MySQL dump 10.13  Distrib 8.0.41, for Win64 (x86_64)
--
-- Host: localhost    Database: segui-tus-compras
CREATE DATABASE IF NOT EXISTS `segui-tus-compras`;
USE `segui-tus-compras`;
-- ------------------------------------------------------
-- Server version	8.0.41

/*!40101 SET @OLD_CHARACTER_SET_CLIENT=@@CHARACTER_SET_CLIENT */;
/*!40101 SET @OLD_CHARACTER_SET_RESULTS=@@CHARACTER_SET_RESULTS */;
/*!40101 SET @OLD_COLLATION_CONNECTION=@@COLLATION_CONNECTION */;
/*!50503 SET NAMES utf8 */;
/*!40103 SET @OLD_TIME_ZONE=@@TIME_ZONE */;
/*!40103 SET TIME_ZONE='+00:00' */;
/*!40014 SET @OLD_UNIQUE_CHECKS=@@UNIQUE_CHECKS, UNIQUE_CHECKS=0 */;
/*!40014 SET @OLD_FOREIGN_KEY_CHECKS=@@FOREIGN_KEY_CHECKS, FOREIGN_KEY_CHECKS=0 */;
/*!40101 SET @OLD_SQL_MODE=@@SQL_MODE, SQL_MODE='NO_AUTO_VALUE_ON_ZERO' */;
/*!40111 SET @OLD_SQL_NOTES=@@SQL_NOTES, SQL_NOTES=0 */;

--
-- Table structure for table `app_users`
--

DROP TABLE IF EXISTS `app_users`;
/*!40101 SET @saved_cs_client     = @@character_set_client */;
/*!50503 SET character_set_client = utf8mb4 */;
CREATE TABLE `app_users` (
  `id` bigint NOT NULL AUTO_INCREMENT,
  `email` varchar(255) DEFAULT NULL,
  `first_name` varchar(255) DEFAULT NULL,
  `is_admin` bit(1) NOT NULL,
  `last_name` varchar(255) DEFAULT NULL,
  `password` varchar(255) DEFAULT NULL,
  PRIMARY KEY (`id`),
  UNIQUE KEY `UK4vj92ux8a2eehds1mdvmks473` (`email`)
) ENGINE=InnoDB AUTO_INCREMENT=21 DEFAULT CHARSET=utf8mb4 COLLATE=utf8mb4_0900_ai_ci;
/*!40101 SET character_set_client = @saved_cs_client */;

--
-- Dumping data for table `app_users`
--

LOCK TABLES `app_users` WRITE;
/*!40000 ALTER TABLE `app_users` DISABLE KEYS */;
INSERT INTO `app_users` VALUES (1,'matiasacosta@email.com','Matias',_binary '','Acosta','$2a$10$LB.uWT60pRyj7HZsLUeRZ.4r2qBdPiriC/gz3fYYdfZ.puQF1fDze'),(2,'santiagorugna@email.com','Santiago',_binary '','Rugna','$2a$10$0oCahu6queBWWiaEJcXKYeoA8iUa3PCXELkHOmdsm7ZF6mHj7g/0m'),(3,'juliantrejo@email.com','Julian',_binary '\0','Trejo','$2a$10$5hoLm3A9s.hqVrDiANgd9OVZ6q6PNiDbaYvSdJxNh1VG6BLOpf.9a'),(4,'douglasespagnol@email.com','Douglas',_binary '\0','Espagnol','$2a$10$oXXE2pSn8I5IKhX71cADuON7VKUZTurHZUYcCdGqdVNFKclnsXr6m'),(5,'juancruzcenturion@email.com','Juan Cruz',_binary '\0','Centurion','$2a$10$eLT632NXnPN1/y/nItau2O1IlOU11eJbY7hwJww3sejhV6dLJY23S'),(6,'lucasdellagiustina@email.com','Lucas',_binary '\0','Dellagiustina','$2a$10$GtowZ8RWfN/mYdxkpwORZ.c4u7SfKnycdrzwDF7.mqCaEgZl7q2y6'),(7,'juanignaciogarcia@email.com','Juan Ignacio',_binary '\0','Garcia','$2a$10$JOu/fc0JFaZllG0sx/y2LOuXcaUe6MKq12NTvBQxjGqF5Rb/veQBS'),(8,'urielpiñeyro@email.com','Uriel',_binary '\0','Piñeyro','$2a$10$1MiLDiJxl84CTydESGAnDOdyp3JsG4NcP01fIe.yP9yf/63GF4vOO'),(9,'matiaslaime@email.com','Matias',_binary '\0','Laime','$2a$10$MT19ITSUy6W7V0tsfzq3ye21yUlylQ2b6URWrlkOYE4z3EZvD/BrK'),(10,'juancabezas@email.com','Juan',_binary '\0','Cabezas','$2a$10$UxWmbsnW1oUWGlSZlu6sbekW6r.orglhrtRHO6Ahgxmm4jk3U8km6'),(11,'agueromauro@email.com','Aguero',_binary '\0','Mauro','$2a$10$AJAZ2RBfb0Lw4VcWlOL8WOU41XmzIAveTwSw0TIgUclJMoEvWdlYy'),(12,'aguerofernando@email.com','Aguero',_binary '\0','Fernando','$2a$10$Cm2.oLOMFLEa/3hvJgJ./.wSE1LUE9j2fmD8wHmzr3dPM8zilqk4e'),(13,'mailinsoñez@email.com','Mailin',_binary '\0','Soñez','$2a$10$3wZ3UzUZhOM.Y0VXO4DvAOJIM0eVgR1kYt2BspcP15SHvOAb1L5YW'),(14,'carlossaldaña@email.com','Carlos',_binary '\0','Saldaña','$2a$10$kk8cKsYH8U7M8Gs3g4xHje8Q.Exv2xJmqJXvfNUWS9fLS/5Ux2ymq'),(15,'adriancardozo@email.com','Adrian',_binary '\0','Cardozo','$2a$10$5PBIiWuAt4vpat8xuGXbXOuGAwxRMD8RcToKydl/odh2470N3C3by'),(16,'sofiarossi@email.com','Sofia',_binary '\0','Rossi','$2a$10$azQfCz0LKgBru3XsLplEH.pHoz3bI8WpGJUMjd/g/WpHMojZviV4e'),(17,'mateodiaz@email.com','Mateo',_binary '\0','Diaz','$2a$10$Am9kVh6SAfBRZ/FsPrczJOJlquSDbMWATw1ONJ.L2bNeSD5mEGe1K'),(18,'valentinagomez@email.com','Valentina',_binary '\0','Gomez','$2a$10$a0hTrisZgtoU7YgRdH7NCeLlYOvsfUWJodEjavJV077QQX.X7lz.G'),(19,'benjamincastro@email.com','Benjamin',_binary '\0','Castro','$2a$10$.0wz4nwF1DnkEjo5IlbEEOPRv4Dpy6hzUWKvOHRyltMisRLEImDIK'),(20,'isabellahernandez@email.com','Isabella',_binary '\0','Hernandez','$2a$10$oWX26WDRmM1JYkwhb3vyPeK/eqjZa9VMOs4eqp7.opJ16lJCkXL.K');
/*!40000 ALTER TABLE `app_users` ENABLE KEYS */;
UNLOCK TABLES;

--
-- Table structure for table `product`
--

DROP TABLE IF EXISTS `product`;
/*!40101 SET @saved_cs_client     = @@character_set_client */;
/*!50503 SET character_set_client = utf8mb4 */;
CREATE TABLE `product` (
  `id` varchar(255) NOT NULL,
  `description` text,
  `is_free_shipping` bit(1) DEFAULT NULL,
  `name` varchar(255) NOT NULL,
  `price` double DEFAULT NULL,
  `price_discount_percentage` int DEFAULT NULL,
  PRIMARY KEY (`id`)
) ENGINE=InnoDB DEFAULT CHARSET=utf8mb4 COLLATE=utf8mb4_0900_ai_ci;
/*!40101 SET character_set_client = @saved_cs_client */;

--
-- Dumping data for table `product`
--

LOCK TABLES `product` WRITE;
/*!40000 ALTER TABLE `product` DISABLE KEYS */;
INSERT INTO `product` VALUES ('MLA10841927','Liliana es una empresa que fabrica productos que buscan responder a las necesidades actuales. Año a año, crean artículos innovadores que dan un valor agregado al estilo de vida de sus clientes. Con el calefactor CI080, mantener la temperatura de tu hogar durante las épocas de frío será más práctico y sencillo que antes.\n\nSeguridad en todo momento\nA su vez cuenta con protección de sobrecalentamiento, por lo que previene daños internos ocasionados por las altas temperaturas.',_binary '','Liliana CI080 calefactor eléctrico color blanco',387039.83,32),('MLA15173180','Mouse Gamer G502 Lightspeed - Logitech G.\n\nEl mouse G502 se une a las filas de los dispositivos inalámbricos para juegos con el lanzamiento de G502 LIGHTSPEED. \nLIGHTSPEED es una tecnología ultrarrápida y confiable con desempeño comprobado en competencias por profesionales de eSports. \nG502 LIGHTSPEED cuenta con el sensor de próxima generación HERO 16K y es compatible con POWERPLAY. \nMantiene su forma ergonómica y logra una reducción de peso de 7 gramos.\n\nESPECIFICACIONES FÍSICAS\n• Altura: 132 mm\n• Anchura: 75 mm\n• Profundidad: 40 mm\n• Peso: 114 g, solo mouse\n• Pesas adicionales opcionales: hasta 16 g\n\nSEGUIMIENTO\n• Sensor: HERO™\n• Resolución: 100 – 25.600 dpi\n• Sin suavizado/aceleración/filtros\n• Aceleración máxima: >40 G\n• Velocidad máxima: >400 IPS\n\nRESPUESTA\n• Formato de datos USB: 16 bits/eje\n• Velocidad de respuesta USB: 1.000 Hz (1 ms)\n• Velocidad de respuesta inalámbrica: 1.000 Hz (1 ms)\n• Tecnología inalámbrica: LIGHTSPEED\n• Microprocesador: ARM de 32 bits\n\nDURABILIDAD\n• Pies de PTFE: Recorrido de 250 km\n• Duración de la batería:\n  - Con iluminación predeterminada: hasta 48 horas\n  - Sin iluminación: hasta 60 horas\n• Una carga de 5 minutos proporciona 2,5 horas de uso\n\nOTRAS FUNCIONES\n• Compatible con POWERPLAY\n• Memoria integrada\n• RGB LIGHTSYNC: 2 zonas\n• Sistema mecánico de tensión de botones\n\nREQUISITOS\n• Windows® 7 o superiores\n• Mac OS® X 10.11 o superiores\n• Chrome OS™\n• Puerto USB\n• Acceso a Internet para Logitech G HUB\n\nEN LA CAJA\n• Mouse para juegos\n• Receptor inalámbrico LIGHTSPEED™\n• Adaptador de extensión de receptor\n• Cable de carga/datos\n• Caja de accesorios\n• 4 pesas de 2 g\n• 2 pesas de 4 g\n• Documentación del usuario',_binary '','Mouse Gamer Logitech G Series Lightspeed G502 color Negro',438207.56,22),('MLA17486628','Este componente electrónico procesa la información que llega al dispositivo y los transforma en imágenes o videos para mostrarla visualmente. Es ideal para trabajar con aplicaciones gráficas ya que permite obtener imágenes más nítidas.\n\nNvidia es el fabricante líder de placas de video; su calidad asegura una experiencia positiva en el desarrollo del motor gráfico de tu computadora. Además, sus procesadores usan tecnología de punta para que puedas disfrutar de un producto veloz y duradero. \n\nEn el menor tiempo posible\nCon una velocidad de memoria de 15000 MHz los datos del procesador central se van a traducir en información comprensible en tan solo un abrir y cerrar de ojos; decodificará tantos ciclos por segundo que hará más efectiva la transmisión de datos a otros componentes. Con esta cualidad, el equipo ganará agilidad y eficiencia. \n\nVelocidad en cada lectura\nCuenta con 3584 núcleos, por lo que la interfaz de la placa será algo sorprendente. Este tipo de estructura es apropiado para el procesamiento de tecnologías más complejas y modernas caracterizadas por grandes volúmenes de datos. \n\nCalidad de imagen\nCriterio fundamental a la hora de elegir una placa de video, su resolución de 7680x4320 no te defraudará. La decodificación de los píxeles en tu pantalla te harán ver hasta los detalles más ínfimos en cada ilustración. \n\nCaracterísticas Técnicas\n\nMotor de gráficos: NVIDIA® GeForce RTX™ 3060\nNorma Bus: PCI Express® Gen 4\nInterfaz de Memoria: 192-bit \nVelocidad clock núcleo (MHz): Boost: 1807 MHz \nVelocidad clock memoria (MHz): 15 Gbps \nMáximo de pantallas: 4 \nTecnología G-SYNC™: Sí \nAdaptive Vertical Sync: Sí \nTecnología Multi-GPU: Sí \nSalida \n  DisplayPort x 3 (v1.4)\n  HDMI™ x 1 (Soporta 4K@120Hz especificado en HDMI™ 2.1) \nSoporte HDCP: Sí \nConsumo (W): 170W \nResolución máxima digital: 7680 x 4320 \nVirtual Reality Ready: Sí \nAlimentación recomendada (W): 550W \nConectores de alimentación: 8-pin x 1 \nSoporte DirectX Versión: 12 API \nSoporte OpenGL Versión: 4.6 \nDimensiones (mm): 235 x 124 x 42 mm',_binary '\0','Placa de video Nvidia MSI Ventus GeForce RTX 30 Series RTX 3060 VENTUS 2X 12G OC OC Edition 12GB Gddr6',805019.51,16),('MLA18212679','Ensure Suplemento Dietario En Polvo Sabor Vainilla X 1200 Gr\n\nEnsure® está diseñado para suplementar la alimentación y proveer nutrición completa. Es un suplemento nutricional completo y balanceado con una combinación de macro y micronutrientes (28 vitaminas y minerales, proteínas, fibras, carbohidratos y ácidos grasos) que ayudan a mantenerse saludable. Aporta buena fuente de fibra (FOS) que actúa a nivel intestinal, está formulado con antioxidantes y vitaminas (C,E y Selenio), contiene Omega 3 y 6 y no contiene grasas trans.\nLibre de gluten. Sin Lactosa. Sin T.A.C.C.\n\nBeneficios\nDestinado a Adultos que buscan incorporar todos los nutrientes necesarios para una alimentación adecuada.\n\nModo de Uso\nPara complementar la alimentación. Para preparar una porción de 230ml, colocar 195 ml de agua fría en un vaso y gradualmente añadir 6 cucharadas completas, equivalente a 53,8 gr de Ensure. Mezclar bien para disolver el polvo. Si se mezcla como se indica, Ensure proporciona 1,0 Kcal/ml aproximadamente. No conservar la lata en la heladera. Luego de abierta, consumir el contenido dentro de las 3 semanas.\n\n¿Cuántos Ensure® se pueden consumir al día?\nLa cantidad de Ensure® a consumir depende de los requerimientos individuales indicados por un profesional de la salud.\n\n¿Debo conservar mi Ensure Advance Shake en la heladera?\nAntes de abrirlo no es necesario refrigerarlo. Una vez abierto, se recomienda conservarlo hasta por 24 horas en la heladera y no en el congelador.\n\n¿Ensure® contiene conservantes?\nEnsure® no contiene conservadores gracias al control en la calidad de los ingredientes, su tratamiento térmico y los requisitos del envasado.\n\nSi soy intolerante a la lactosa, ¿puedo tomar Ensure®?\nEnsure® es un producto adecuado para personas intolerantes a la lactosa. Las versiones en polvo se reconstituyen con agua, por lo que son seguras también.\n\n¿Las personas con necesidades especiales de control de azúcar pueden consumir Ensure®?\nEnsure® no fue creado específicamente para personas con necesidades especiales de control de azúcar en sangre, sin embargo, existen alternativas especializadas para estas personas.\n\n¿Cuánto tiempo puede una persona utilizar Ensure®?\nEnsure® puede ser utilizado a largo plazo, especialmente por personas que puedan tener riesgo de problemas nutricionales. Se recomienda consultar con un nutricionista o médico.',_binary '','Ensure Polvo 1200g Vainilla Multivitamínico Multimineral',462283.15,19),('MLA18968036','CORTADORA DE PELO Y BARBA, PATILLERA Y AFEITADORA. CONTIENE 4 ADAPTADORES DE CORTE DIFERENTES (TRIMMERS). MAQUINA DE CORTAR PELO MARCA VGR - MODELO V-055\n\nEsta cortadora elegante tiene todo para que puedas renovar tu look y el de otros sin dificultad. Con dos niveles de potencia, permite realizar cortes de pelo y barba sobre cualquier tipo de pelo. De diseño ergonómico, es compacta y poderosa para un recorte de barba y patillas con gran precisión y velocidad.\n\nLa máquina viene con adaptadores para varias longitudes de cortes. La palanca cónica ajustable permite la personalización de longitudes de corte, con 4 peines de límite de longitud de 3mm, 6mm, 9mm, y 12mm. Puedes ajustar fácilmente el peine a la altura correcta y lograr el peinado que desees.\n\nSus cuchillas de acero inoxidable y autoafiladas brindan una utilización potente y duradera. Este producto es práctico, de fácil uso y su diseño compacto facilita el transporte.\n\nESPECIFICACIONES:\n- Modelo: VGR V-055\n- Tiempo de carga: 1.5 horas\n- Tiempo de uso: 120 minutos \n- Fuente de alimentación: 5V 1A\n- Potencia : 10 W\n- Velocidad: 7500+/-500RPM\n- Batería de litio 1000 mAh\n- Material de la cuchilla: Acero inoxidable\n- Material del cuerpo: Metal + ABS\n- Tamaño de corte: 3mm, 6mm, 9mm, y 12mm, Corta a 0 (sin peine)\n- Método de carga: Conector USB\n- Método de limpieza: lavado con agua del cabezal de corte \n- Uso con cable o inalámbrico\n- Dos niveles de potencia.\n- Color: Negro\n\nPESO Y DIMENSIONES: \n- Peso: 320g\n- Tamaño del cuerpo: 16 x 4 x 4 cm\n\nINCLUYE:\n1 x Maquina VGR V-055\n4 x Peines Limite (3mm / 6mm / 9mm / y 12 mm)\n1 x Cable USB.\n1 x Aceite lubricante.\n1 x Cepillo de limpieza\n1 x Manual de instrucciones',_binary '\0','Maquina De Cortar Pelo Patillera Barba Recargable Vgr V-055 Color Negro',305127.97,19),('MLA19795012','Sumate al mundo de la inteligencia artificial con el Amazon Echo Dot 5th Gen que ofrece soluciones para automatizar algunas tareas en tu hogar.\n\n¡SISTEMA DE AUDIO MULTI-ROOM!\nEste novedoso sistema permite compartir música o realizar anuncios en distintas habitaciones y en el mismo momento. Tan solo requiere que conectes los dispositivos smart compatibles entre sí.\n\n¡CONTROLA TU MÚSICA Y CONTENIDO FAVORITOS!\nEscucha en toda tu casa música, audiolibros y pódcast de Amazon Music, Apple Music, Spotify, Deezer y otros servicios de música en streaming o usa el Bluetooth integrado.\n\n¡ALEXA SIEMPRE ESTÁ AHÍ PARA AYUDARTE!\nPídele que te diga qué tiempo hace o que ponga temporizadores, hazle preguntas o deja que te cuente un chiste. ¿Quieres dormir un poquito más? Pospón la alarma del Echo Dot con un solo toque.\n\n¡MANTÉN TU CASA CONFORTABLE!\nControla dispositivos de Hogar digital con la voz y define rutinas activadas con los sensores de temperatura integrados en tu Echo Dot. Crea rutinas para encender automáticamente un ventilador inteligente cuando la temperatura de tu casa aumente por encima del umbral que establezcas.\n\n¡SÁCALE MÁS PROVECHO VINCULANDO DISPOSITIVOS!\nInunda tu casa de música con dispositivos Echo compatibles en distintas habitaciones o crea un sistema de cine en casa con el Fire TV.\n\n¡DISEÑADO PARA PROTEGER TU PRIVACIDAD!\nCon múltiples capas de protección y control de la privacidad, incluido un botón para desactivar los micrófonos que los desconecta electrónicamente.\n\n¡CON CERTIFICADO CLIMATE PLEDGE FRIENDLY!\nHemos integrado la sostenibilidad en el diseño de este dispositivo. El 99 % del embalaje de este dispositivo procede de bosques gestionados responsablemente o materiales reciclados, el 95 % de la tela proviene de tela reciclada posconsumo y el 55 % de los plásticos provienen de plásticos reciclados posconsumo.',_binary '','Amazon Echo Dot 5th Gen con asistente virtual Alexa Glacier White sin reloj',402735.82,21),('MLA20730516','',_binary '','Alfajor Capitan Del Espacio Simple Chocolate Caja X 36 Unidades',1026013.06,16),('MLA21088240','El alfajor Guaymallén de chocolate negro es un clásico de la tradición argentina, reconocido por su sabor inconfundible y calidad accesible. Cada unidad de 38 gramos combina dos capas de suave masa rellena con un generoso dulce de leche, cubiertas por una capa de chocolate negro que aporta un toque delicioso y característico. Esta presentación en caja de 40 unidades es ideal para kioscos, tiendas de conveniencia o eventos, ofreciendo una solución práctica para quienes buscan satisfacer a sus clientes o invitados con un producto tradicional.',_binary '\0','Alfajor Guaymallen Chocolate Negro 38g Caja x 40Un',1245511.79,25),('MLA22238294','Celebrá todas las maneras de ser hombre. Una elaborada y sofisticada combinación esculpida con el corazón de las maderas más nobles como el cedro y el patchouli, enriquecida con la elegancia de las notas ambaradas del cacao, ingrediente natural de la biodiversidad brasileña, que envuelve y marca presencia. Para hombres que buscan elegancia y sofisticación. \n\nVegano \n\nFragancia  \nAmaderado intenso. \n\nGota olfativa  \nSalida: bergamota, jengibre, pomelo y limón.  \nCuerpo: pimienta negra, violeta, cardamomo y canela.  \nFondo: patchouli, ámbar, madera de guayaco, cashmeran y cedro. \n\nModo de uso  \nTodos tenemos una manera especial de perfumarnos. Pero para aprovechar todo el potencial de la fragancia, nuestra recomendación es aplicarla en áreas como puños, cuello y detrás de las orejas.',_binary '','Perfume Homem Essence Masculino Edp 100 Ml Natura',793655.94,1),('MLA22448125','Este teclado Machenike de alto rendimiento permite que puedas disfrutar de horas ilimitadas de juegos. Está diseñado especialmente para que puedas expresar tanto tus habilidades como tu estilo. Podrás mejorar tu experiencia de gaming, ya seas un aficionado o todo un experto y hacer que tus jugadas alcancen otro nivel.\n\nDistinción a todo color\nSu retroiluminación le da un toque diferente a tu equipo y resalta su composición cuando es utilizado en espacios poco iluminados.\n\nTecnología antighosting\nEste dispositivo tiene teclas antighosting. Esta cualidad es indispensable si requerís de un uso intensivo del periférico. Gracias a esto podrás evitar fallas al tocar varias teclas al mismo tiempo. ',_binary '\0','Teclado gamer Machenike K500-B94 QWERTY Mecanico Switch Red inglés US color blanco con luz RGB',689096.85,27),('MLA22826188','',_binary '\0','Notebook Exo Smart T38 Intel N4020 4gb Ssd128gb Windows 11 Color Gris',684945.69,24),('MLA22938950','Colchón YOLO by Simmons en Caja\n \n INFORMACIÓN SOBRE LA LÍNEA\nLOS COLCHONES DE ESPUMAS DE ALTA DENSIDAD SON DISEÑADOS PARA OTORGAR UNA FIRMEZA CONFORTABLE Y OBTENER UN DESCANSO REPARADOR.\nCombina un bloque uniforme de Espuma de Alta Densidad de 19 cm de altura que aporta soporte y firmeza, con una manta superior de Espuma Energy Foam de 3cm que es extremadamente suave y mullida y te hará sentir una sensación de confort única.\n¡El Colchón es simple en todo sentido! Viene Comprimido y enrollado dentro de una medida de caja manejable y muy práctica. Vas a poder llevar tu colchón y ponerlo en el auto, o subirlo a tu dormitorio de una manera muy fácil. Además permite que sea enviado a través de nuestro Delivery Flash para que lo recibas en menos de 72 horas en algunas zonas.\nLas telas de tejidos de punto de este modelo son suaves y flexibles, de esa forma te permiten disfrutar al 100% las cualidades firmes y soft de su interior.\n\n » Modelo: YOLO Edition\n » Estructura: 2 capas de Espumas de alta Densidad\n » Altura: 22 cm\n » Medidas: 190x80cm\n » Tamaño: 1 Plaza\n » Peso máximo soportado: 100 Kilos\n » Superficie: Tejido de punto',_binary '','Colchon Simmons en caja 190x080 Color Blanco',1194087.7,20),('MLA23805985','Perfume Bold X 100ml de Bensimon es una fragancia cautivadora que encapsula la esencia de la audacia y el estilo. Con una composición olfativa diseñada para dejar una impresión duradera, este aroma se presenta en un envase elegante de 100ml, ideal para el uso diario o para ocasiones especiales.\n\nLa esencia se abre con notas de salida vibrantes que capturan los sentidos, seguidas de un corazón floral y especiado que aporta profundidad y carácter al aroma. Finalmente, las notas de fondo proporcionan una base cálida y seductora que completa esta experiencia olfativa única.\n\nEl perfume viene en un empaque sofisticado, asegurando que la calidad y la integridad del producto se mantengan intactas hasta su uso. Este aroma es adecuado para aquellos que buscan destacar y dejar una huella memorable con su presencia.\n\nPara mantener la calidad del perfume, se recomienda almacenarlo en un lugar fresco y seco, lejos de la luz directa del sol y fuentes de calor.',_binary '','Bensimon Perfume Hombre Bold X 100 Ml',377501.7,6),('MLA26994480','Optimiza tus tareas de limpieza con esta hidrolavadora TRENT, combinando potencia y seguridad en un diseño eficiente.\n\nCARACTERÍSTICAS:\n\n• Potencia: 1400W.\n• Presión máxima: 1600 psi - 110 bar.\n• Caudal máximo: 6.5 L/min.\n• Rendimiento de limpieza de 20 a 40 m2/h.\n• Tecnología AutoStop para mayor seguridad y eficiencia.\n• Motor: Tres Pistones de acero inoxidable.\n• Temperatura máxima agua entrante: 50° C.\n• Nivel de ruido: 92 dB(A).\n• Alimentación: 220V ~ 50 Hz\n• Clase de protección: IPX5\n• Protección eléctrica Clase II (doble aislamiento) y certificación por el organismo LENOR.\n\nINCLUYE:\n\n• Pistola de alta presión con Lanza ajustable.\n• Botella de detergente.\n• Manguera de alta presión de 5 metros.\n• Cable de conexión de 5 metros.\n• Soportes.\n• Filtro de entrada.\n• Pin limpiador de boquilla.\n• Conector rápido de Manguera estándar 1/2¨pulgada\" hacia la Hidrolavadora (No incluye conector de manguera a grifo)\n\nNota: El producto no incluye manguera de entrada de agua, depósito interno de agua ni detergente. La lanza no es telescópica y el producto no es sumergible en agua, se debe utilizar solo con agua corriente de grifo.\n\n¡Transforma tu limpieza hoy!',_binary '\0','Hidrolavadora Electrica Trent HLT203 1400W Alta presion 1600 Psi 110 Bar con Accesorios',1334840.12,25),('MLA32629839','¡Tené el agua caliente siempre lista! Con la pava eléctrica Yelmo PE-3912 vas a poder disfrutar de una bebida caliente en minutos. Ganá tiempo y prepará ese mate, cafecito o porqué no, esa sopa instantánea que tanto te gusta.\n\nBebidas calientes a tu gusto\n¿Sabías que para mejorar el sabor, las bebidas calientes tienen que prepararse a determinada temperatura? Gracias al control que incorpora este modelo, vas a lograr que cada mate, té o café sea perfecto.\n\nEvitá desperdicio de energía y gas\nLa seguridad es muy importante, por eso, cuando el agua está lista, la jarra se apaga automáticamente permitiendo a su vez, ahorrar energía.\n\nLa exactitud se puede lograr\nCon su termómetro vas a tener la precisión exacta que necesitas para preparar tu mate, té o café preferido.\n\n\nPANTALLA DIGITAL PARA LA TEMPERATURA PERFECTA:\nTiene temperaturas preestablecidas diseñadas para resaltar los mejores sabores del té y el café.\n\nA través de su diseño ergonómico, presenta una pantalla digital táctil, minimalista y fácil de leer que muestra la temperatura real del agua dentro la pava. No hace falta adivinar, el equipo mide la temperatura interna y la\nmuestra claramente.\n\n- 40°C: Caliente\n- 60°C: Té blanco\n- 90°C: Mate, Café, Leche (el uso de agua a más de 70°C garantiza la eliminación de las bacterias presentes en la leche de fórmula)\n- 100°C: Hervir, Té negro, Té de hierbas\n\nDOBLE PARED PARA MAYOR SEGURIDAD:\nMantiene el calor y la capa exterior es segura al tacto, incluso con agua hirviendo en su interior.\nAcero inoxidable SUS304 totalmente interior\n\nFUNCIONAMIENTO SENCILLO Y FÁCIL:\nAjuste de ebullición con dos toques (seleccionar temperatura y empezar), apagado automático, apertura de la tapa con un botón, base giratoria 360° y diseño sin cable para servir cómodamente.\n\nPREPARA HASTA 12 TAZAS\nLa capacidad de 1,7 L prepara hasta 12 tazas, perfecto para todas las bebidas calientes y necesidades culinarias.\n\nFUNCIÓN MANTENER CALIENTE: Mantiene la temperatura del agua a la temperatura deseada que usted establezca durante 4 horas.',_binary '\0','Pava Eléctrica Yelmo Pe-3912 1.7lt 2200w Pantalla Digital Color Negro',195094.44,29),('MLA34783002','Disfruta de capuccinos y lattes perfectos con la Cafetera Expresso Digital Suono Automática. Gracias a su espumador de leche integrado, obtendrás la textura cremosa ideal para tus bebidas favoritas. Su diseño en acero inoxidable combina estilo y funcionalidad, permitiéndote preparar café de calidad profesional en casa. Con un depósito de 1.5 litros y un sistema fácil de usar, ahorrarás tiempo sin perder sabor. ¡Lleva la experiencia de un café premium a tu hogar y convierte cada taza en un momento especial!',_binary '\0','Cafetera Expresso Digital Suono Automática Acero Inox 1.5 L Color Plateado',825257.6,7),('MLA35379110','SILLA CON SOPORTE LUMBAR\n\nNuestro modelo tiene:\n\n* Ajuste de altura\n* Ruedas siliconadas para no rayar el piso\n* Estrella de PVC reforzado - más firme y elegante que las estrellas cromadas.\n* Apoyabrazos móviles - se pueden levantar para guardar la silla en el escritorio\n* Apoyacabezas reclinable - se ajusta también en altura\n* Soporte lumbar\n* Tapizado en tela mesh - fácil de limpiar\n* Bloqueo para el sistema basculante - podrás bascularla solo si lo quieres\n\nsilla adecuada es muy importante para prevenir futuras lesiones. Con esta silla, vas a tener la comodidad y el bienestar que necesitás a lo largo de tu jornada. Además, podés ubicarla en cualquier parte de tu casa u oficina ya que su diseño se adapta a múltiples entornos. ¡Dale a tus espacios un toque más moderno!',_binary '','Silla Pc Escritorio Tela Mesh Apoya Brazo Rebatible Shremwood',382075.8,11),('MLA36453870','La amoladora Lüsqtoff es una herramienta versátil, que permite realizar diferentes trabajos con una terminación profesional. Por eso, es una excelente opción sumarla a tu taller o caja de herramientas. Cuenta con una potencia de 720W y opera bajo una tensión de 220V a 50Hz, asegurando un rendimiento óptimo en cada uso. Su velocidad impresionante de 11000rpm te permitirá realizar cortes precisos y pulidos con facilidad. Diseñada para discos de 115mm y con una rosca M14, esta herramienta es ideal para una amplia gama de aplicaciones. El modelo L-820 viene equipado con un mango ergonómico, una llave para cambios de disco sencillos y una guarda de seguridad para proteger durante el trabajo. Además, incluye 1 disco de corte para que puedas empezar a trabajar de inmediato. Aunque no es una mini amoladora, su tamaño y diseño facilitan su manejo y control, convirtiéndola en una opción excelente para profesionales y aficionados por igual.\n\nEquipá tu casa o taller y ¡hacelo vos mismo! Esta amoladora angular es perfecta para realizar distintos trabajos de amolado, cepillado y pulido. A su vez, se destaca por ser un elemento indispensable para cortar, desbastar y lijar diversos materiales derivados del metal.\n\nCARACTERISTICAS\n. Potencia 720W\n. Tension: 220V 50Hz\n. Velocidad: 11000rpm\n. Disco 115mm\n. Rosca M14\n\n\nINCLUYE\n1 Mango\n1 Llave\n1 Guarda seguridad (cubredisco)\n1 Discos de corte',_binary '','Amoladora Angular Lusqtoff 820-L 720W 115mm 4.5\'\' con Discos Lusqtoff 50hz',940349.83,23),('MLA37166229','¿Estás buscando calefaccionar ambientes pequeños? Mantener la temperatura de tus espacios durante el invierno ya no es un problema. El calefactor eléctrico Embassy EM-C2000D2 te permite disfrutar de tu hogar durante todo el año, de una manera más práctica y sencilla.\n\nAdecuado para tu vivienda\nLa ventaja principal de calefaccionar con un caloventor, es que consigue elevar la temperatura del ambiente sin humedecer el aire. A su vez, al ser portátil no necesita de instalación, por lo que podés transportarlo fácilmente a cualquier habitación.',_binary '\0','Caloventor Calentador Split Embassy EM-C2000D2 2000w Control Digital Blanco',1223347.84,19),('MLA3821718','Perfume Importado BLUE JEANS by Versace EDT 75ml\n\nFragancia masculina x75ml\n\nSe trata de un perfume juvenil y de espíritu libre, que encarna a la perfección el sentido de la moda casual de los años 90 y la influencia pop de la época. Es una de las últimas creaciones durante el reinado de Gianni Versace, esencias que se caracterizaban por su ligereza y su desenfado, las cuales quedaron en un segundo plano tras la muerte del diseñador y la adquisición de la dirección creativa por su hermana Donatella.\n\nEsta fragancia fue creada en el año 1994 por el perfumista Jean-Pierre Bethouart, y pertenece a la colección Jeans de Versace, en la que se describe una nueva visión de la juventud, chicos liberales que luchan por sus ideales y sus opiniones, de alma independiente y con una mente muy abierta hacia el futuro.\n\nSu pirámide olfativa inicia con varios elementos frescos, sobre los que destacan los cítricos, que con fuerza y potencia crean una atmósfera desenfadada, repleta de buenas energías y rebosante de felicidad. Seguidamente, su corazón adopta un tono más boscoso y ligeramente varonil, con aromas florales y leñosos, que combinan a la perfección con su fondo de sutil calidez y poder seductor, con notas como vainilla, ámbar y pachulí.',_binary '\0','Versace Blue Jeans EDT 75ml para hombre',138605.15,27),('MLA39191572','FUNDA CUBRE AUTO SUAVIZADO IMPERMEABLE %100\n\nEVITE DAÑOS!\n\nEL CUBRE AUTO ESTÁ CONFORMADO EN 2 CAPAS QUE PROTEGEN TU AUTO\n\n> TELA SUAVIZADA CON EL FIN DE NO RAYAR LA PINTURA  \n> LA TELA VIENE CON MICROPOROS EVITANDO CONCENTRACIÓN DE GASES  \n> EXCELENTE FUNDA PROTECTORA CONTRA: LLUVIA, CENIZA, DESECHO DE ÁRBOLES, MARCA DE MASCOTAS, PALOMAS, HELADA, ROCÍO Y TODO TIPO DE AGENTES DAÑINOS.  \n> ELASTIZADO  \n> INCLUYE BOLSO DE GUARDADO  \n> EN CASO DE LLUVIA, SECA RÁPIDO YA QUE NO ABSORBE EL AGUA  \n\nESTÁ CONFORMADO 2 CAPAS: 1) CAPA EXTERNA IMPERMEABILIZADA 2) TELA SUAVIZADA NO TEJIDA\n\nTALLE S (AUTOS DE 3,4 A 3,80 MTS): FORD KA LINEA VIEJA, RENAULT CLIO 1 y 2, SUZUKI FUN, CHEVROLET CELTA, VOLKSWAGEN UP, FIAT MOBI, FIESTA MODELO VIEJO Y SIMILARES.\n\nTALLE M (AUTOS DE 3,80 A 4,20 MTS): VOLKSWAGEN GOL POWER / TREND, RENAULT SANDERO, PEUGEOT 206/207/208, CHEVROLET CORSA/CLASSIC, CHEVROLET ONIX, FIESTA KINETIC 5P, TOYOTA ETIOS 5P Y SIMILARES.\n\nTALLE L (AUTOS DE 4,20 MTS A 4,50 MTS): CHEVROLET PRISMA, MERIVA, AVEO, VOLKSWAGEN VOYAGE, POLO, SURAN, PEUGEOT 308, 2008, FOCUS I, II, III, FIESTA KINETIC SEDAN, TOYOTA ETIOS 4P SEDAN Y SIMILARES.\n\nTALLE XL (AUTOS DE 4,50 MTS A 4,8 MTS): CHEVROLET SPIN, VOLKSWAGEN VENTO, ECOSPORT, JEEP RENEGADE, RENAULT DUSTER, TOYOTA COROLLA, PEUGEOT 408, HONDA CIVIC, CITY, RENAULT KANGOO, PARTNER, BERLINGO Y SIMILARES.',_binary '\0','Funda Cubre Auto Coche Impermeable Con Bolso Dinamic Store',126994.5,2),('MLA40919487','Potencia tu rendimiento deportivo con la Creatina Monohidratada de Star Nutrition, presentada en un práctico pote de 300 g. Este suplemento nutricional está diseñado para aquellos que buscan maximizar su fuerza y resistencia durante los entrenamientos. Con un formato en polvo, es fácil de mezclar y se integra perfectamente en tu rutina diaria.\n\nLa Creatina es un aliado esencial para atletas y entusiastas del fitness, ya que ayuda a aumentar la energía y mejorar la recuperación muscular. Cada porción te proporciona la dosis ideal para optimizar tus resultados, permitiéndote alcanzar tus metas de manera más eficiente. \n\nEl vaso Legend de 600 ml es el complemento perfecto para tu suplementación, facilitando la preparación de tus batidos y asegurando que obtengas la cantidad adecuada de creatina en cada toma. Ideal para quienes buscan un estilo de vida activo y saludable, este producto es una inversión en tu rendimiento y bienestar.\n\nIncorpora la Creatina Monohidratada de Star Nutrition en tu dieta y experimenta la diferencia en tus entrenamientos. Con un peso neto de 300 g, tendrás suficiente para varias semanas de uso, ayudándote a mantener la constancia en tu progreso. No dejes pasar la oportunidad de llevar tu entrenamiento al siguiente nivel.',_binary '\0','Suplemento En Polvo Star Nutrition Creatine Monohydrate Pote 300g Vaso Legend Nutrition 600ml',826488.33,15),('MLA41766335','SKU: HOG0204ACE\n\nMantén tu hogar, taller o espacio de trabajo impecable con esta potente aspiradora de tacho de 25 litros y 1300W de potencia. Diseñada para ofrecer una limpieza eficiente sin complicaciones, no requiere bolsa, lo que te permite ahorrar tiempo y dinero en reemplazos.\n\nFunción destacada: Sopladora integrada  \nAdemás de aspirar, esta versátil máquina cuenta con una función sopladora que te ayudará a remover polvo, hojas o residuos ligeros en espacios difíciles de alcanzar, ideal para exteriores, garajes o talleres.\n\nCaracterísticas principales:  \nCapacidad del tanque: 25 litros, ideal para grandes cantidades de polvo y residuos.  \nPotencia: 1300W, asegurando una excelente succión para todo tipo de superficies.  \nSistema sin bolsa: Fácil de vaciar y mantener, sin necesidad de comprar repuestos.  \nFunción sopladora: Para limpieza de áreas exteriores o soplar polvo en espacios complicados.  \nDiseño práctico: Equipado con ruedas que facilitan el traslado y un cable de largo adecuado para mayor libertad de movimiento.  \n\nMedidas:  \nLargo de cable 5 mts  \nFiltro Hepa Lavable  ',_binary '\0','Aspiradora Sopladora Seco Líquido Suono 25 Litros 1300w Color Plateado',1269172.03,32),('MLA43957281','',_binary '','Monitor Gamer LG UltraGear 24GS60F-B con pantalla de 24\" 180Hz y resolución Full HD',439115.75,17),('MLA45632525','',_binary '','Alpina Kit de herramientas combinadas 126 Piezas color negro',765744.4,30),('MLA45805436','El Taladro Atornillador Percutor GP Garden Plus de Lusqtoff es la herramienta ideal para quienes buscan versatilidad y potencia en sus proyectos de bricolaje y jardinería. Con un diseño ergonómico y un acabado en color amarillo, este modelo no solo es atractivo, sino también funcional, permitiendo un agarre cómodo y seguro durante su uso.\n\nEquipado con un mandril de 10 mm, este taladro ofrece una velocidad de rotación que varía entre 400 y 1350 rpm, lo que lo convierte en una opción perfecta para atornillar y perforar en diferentes materiales. Además, cuenta con una función de percusión que facilita el trabajo en superficies más duras, brindando un rendimiento excepcional en cada tarea.\n\nEl GP-LH-199 incluye dos baterías inalámbricas de 1,5 Ah, asegurando que siempre tengas energía disponible para tus proyectos. Su cargador incluido permite una recarga rápida y eficiente, lo que maximiza el tiempo de uso y minimiza las interrupciones.\n\nCon su función de destornillador y un regulador de torque, este taladro es perfecto tanto para aficionados como para profesionales. Su maletín de transporte facilita su almacenamiento y movilidad, convirtiéndolo en un compañero ideal para cualquier trabajo en el hogar o en el jardín.',_binary '','Taladro Atornillador Percutor Gp Garden Plus De Lusqtoff + 2 Baterias Inalambrico Mandril 10mm Con Regulador De Torque',351035.72,13),('MLA45806125','Modo Smart – BKN\nSolo presioná el botón Smart y el equipo ajustará de forma automática a la temperatura más confortable de acuerdo a la temperatura de la habitación.\n\nMayor alcance y distribución de aire – BKN\nCon un flujo de aire de larga distancia de hasta 12 m, podrás disfrutar de la frescura y la comodidad en cualquier lugar de la habitación.\n\nModo Super -BKN\nCon la función Super, el aire acondicionado trabaja a máxima potencia, reduciendo rápidamente la temperatura del ambiente.\n\nSelf-cleaning -BKN\nLa función auto limpieza evitará el crecimiento de microorganismos dañiños al eliminar la humedad dentro de la unidad interior. Activa esta función para tener un aire más limpio y saludable.\n\nI Feel – BKN\nEl equipo tiene el sensor I Feel integrado dentro del control remoto. Es capaz de detectar la temperatura ambiente y transmitir esta información a la unidad interna, garantizando así un ambiente más cómodo y un control de temperatura más preciso en el lugar donde se encuentra el usuario en cada momento, además de un importante ahorro de energía.\n\nModo ECO -INV Black\nModo ECO ahorra hasta 46% de energía vs. Aire Acondicionado tradicional.\n\n\nCARACTERÍSTICAS PRINCIPALES:\nTecnología Inverter\nEficiencia Energetica Clase A++ (modo frío)\nFunciónIFEEL\nDisplay LED con Dimmer\nRefrigerante Ecológico R410a \nControl Remoto Multifunción \nModo Deshumidificación \nFunción Sleep\nTimer Programable \nBarrido de Aire Automático \nFiltros Lavables\n\nESPECIFICACIONES TÉCNICAS:\nAlimentación: 220V / 240V CA - 50 Hz (Monofásico)\nRefrigerante: R410a\nCapacidad frío: 3500w\nCapacidad calor: 3400w\nEf. Energética (Frío) - I.E.E.E.: 5.61 - Clase A++\nEf. Energética (Calor) - C.O.P.: 3.62 - Clase A\nNivel de ruido máximo 39 dB\nCañería de intercon. (Liq./Gas): 1/4\" / 1/2\"\nDistancia máx. entre UI y UE: 15M\nDiferencia de altura máx. entre UI y EU: 5M\nAlimentación c/ cable y ficha de alimentación ( s/ IRAM 2073 ): 10A\nNo incluye kit de instalación\nCuenta con el gas necesario para que funcione en óptimas condiciones\n\nUnidad Interior: \nMedidas Unidad (An/Al/Prof) : 79X25.5X20 cm\nMedidas Caja (An/Al/Prof) : 85X32.5X25.5 cm\nPeso Neto: 7.5 Kg\n\nUnidad Exterior: \nMedidas Unidad (An/Al/Prof) : 71.5X48.2X24 cm\nMedidas Caja (An/Al/Prof) : 83X53X31.5 cm\nPeso Neto: 22.8 Kg',_binary '\0','Aire Acondicionado Split Inverter Frío Calor Hisense 3010 Frigorías 3500 Watts',1169956.75,19),('MLA46190413','Producto: MX527 Amd Ryzen 7 5700G -A520- 16Gb-1Tb-KIT\n\n¯¯¯¯¯¯¯¯¯¯¯¯¯¯¯¯¯¯¯¯¯¯¯¯¯¯¯¯¯¯¯¯¯¯¯¯¯¯¯¯¯¯¯¯¯\nEspecificaciones técnicas:\n\n- Kit Gabinete con fuente\n- Motherboard A520\n- Procesador Amd Ryzen 7 5700G 4.6Ghz AM4\n- Memoria 16 Gb\n- Disco Sólido 1TB\n\nNo incluye sistema operativo.\nLas imágenes son de caracter ilustrativo.',_binary '','Pc Armada Gamer AMD Ryzen 7 5700G 16GB SSD 1TB',595929.35,18),('MLA46536597','Compatible con Matter Smart Home\n\nLa compatibilidad con Matter Smart Home\npermite controlar tu TV a través de la app de\nMatter Smart Home o controlarlo por voz con\ndispositivos con Alexa o Google integrados. De\nesta forma, podés encontrar películas y series,\nrecibir recomendaciones y mucho más con tan\nsolo usar tu voz.\n\nDiseño compacto\n\nEl tamaño importa. Diseño compacto y liviano\npara que tu Smart TV entre a la perfección en\ncualquier lugar. Habitaciones, cocina,\nmotorhome: se adapta al espacio que vos elijas.\nDolby Audio\n\nEscuchá con claridad cada momento: esto es\nDolby Audio. Diálogos, momentos increíbles en\npelículas de acción, escenas de la naturaleza;\nviví la experiencia de sonido claro en todos los\nescenarios.\n\nPhilips Smart TV Titan OS\n\nLa Plataforma Philips Smart TV Titan OS trae todo\nel contenido que te gusta, a alta velocidad. Desde\npelículas hasta series y desde documentales hasta\ndramas, todo lo que querés está al alcance de un\nbotón. Descargá todas las mejores apps de\nstreaming fácilmente y accedé a todo tu\ncontenido de siempre.\nHDR10/HLG\n\nColores más brillantes. Tonos vívidos. Desde las\nescenas más oscuras hasta las más iluminadas, la\nclaridad lo es todo. Aquí es donde el HDR10\n(High Dynamic Range) impresiona con claridad\nde colores y contraste.',_binary '\0','Smart Tv 43 Full HD Titan Os HDR10 Dolby Audio Philips',241754.01,2),('MLA48935613','¡Redescubrí la cocina con el microondas Sansei Digital de 20L! Compacto y potente, este pequeño electrodoméstico es tu aliado indispensable para ganar tiempo en la cocina. Con su capacidad de 20 litros y una potencia de 700W, calentar y descongelar comidas nunca fue tan sencillo. ¿Querés preparar una cena rápida después de un largo día? ¡Sansei lo hace posible!\n\nEste microondas digital no solo es fácil de usar, gracias a su práctico control digital, sino que también se adapta a cualquier espacio con su elegante diseño de mesa. Disfrutá de la comodidad de su descongelamiento automático por peso y tiempo, perfecto para esos días en los que todo tiene que ser express. Además, su tamaño compacto lo hace ideal para cocinas con espacio limitado.\n\nNo esperes más y transformá tu rutina diaria con el microondas Sansei Digital 20L. ¡Compralo ahora y viví la practicidad al máximo!',_binary '','Microondas Digital Sansei MSADW20UBP 20L 700W',335778.25,2),('MLA7852993','Vitroconvector Curvo Peabody PE-VQM20B\n\nDale a tu hogar el confort térmico que necesitás con el vitroconvector curvo Peabody de 2000W. Su diseño curvo y minimalista no solo aporta estilo, sino que garantiza una distribución homogénea del calor en ambientes de hasta 60 m³, sin ruidos molestos ni consumo de oxígeno. Compacto, liviano y fácil de instalar, es ideal para dormitorios, salas de estar y espacios de trabajo. \n\nCaracterísticas: \n\n- 2000W de potencia.\n- Sistema de calefacción por convección.\n- Resistencia de alto rendimiento.\n- Control mecánico de temperatura.\n- No consume oxígeno.\n- No produce humo ni olor.\n- Modo de ahorro de energía a 1000W de potencia.\n- Apagado automático ante sobrecalentamiento.\n- Rendimiento óptimo 60 m³.\n- Termostato regulable. \n- Incluye: Patas plásticas y accesorio para colgar en pared.\n- Medidas (ancho x alto x prof.): 81,5 x 45 x 10 cm.\n- Peso neto 7,55 kg.\n\nEstilo, tecnología y calor para tu hogar\nCon el vitroconvector curvo Peabody disfrutás de un invierno más cálido, con diseño moderno, bajo consumo y máxima seguridad. Sentí la diferencia desde el primer uso.',_binary '','Calefactor Eléctrico Vitroconvector Curvo Peabody Pe-vqm20b 2000w Color Blanco',650621.11,33);
/*!40000 ALTER TABLE `product` ENABLE KEYS */;
UNLOCK TABLES;

--
-- Table structure for table `product_attributes`
--

DROP TABLE IF EXISTS `product_attributes`;
/*!40101 SET @saved_cs_client     = @@character_set_client */;
/*!50503 SET character_set_client = utf8mb4 */;
CREATE TABLE `product_attributes` (
  `product_id` varchar(255) NOT NULL,
  `name` varchar(255) DEFAULT NULL,
  `attribute_value` varchar(255) DEFAULT NULL,
  KEY `FK95nqsy6pr19opyu092fbwdr74` (`product_id`),
  CONSTRAINT `FK95nqsy6pr19opyu092fbwdr74` FOREIGN KEY (`product_id`) REFERENCES `product` (`id`)
) ENGINE=InnoDB DEFAULT CHARSET=utf8mb4 COLLATE=utf8mb4_0900_ai_ci;
/*!40101 SET character_set_client = @saved_cs_client */;

--
-- Dumping data for table `product_attributes`
--

LOCK TABLES `product_attributes` WRITE;
/*!40000 ALTER TABLE `product_attributes` DISABLE KEYS */;
INSERT INTO `product_attributes` VALUES ('MLA46190413','Es un kit de fábrica','Sí'),('MLA46190413','Marca','Mexx'),('MLA46190413','Modelo','MX527'),('MLA46190413','Tipo de procesador','AMD Ryzen'),('MLA46190413','Marca del procesador','AMD'),('MLA46190413','Línea del procesador','Ryzen 7'),('MLA46190413','Modelo del procesador','5700G'),('MLA46190413','Módulo de memoria RAM','16GB DDR4 (2X8GB) 3200MHZ'),('MLA46190413','Almacenamiento del disco','NVME 1TB GEN 3'),('MLA46190413','Versión del sistema operativo','Sin Especificar'),('MLA46190413','Edición del sistema operativo','Sin Especificar'),('MLA46190413','Es gamer','No'),('MLA46190413','Optimizado para IA','No'),('MLA46190413','Marca de la placa madre','ASRock'),('MLA46190413','Marca de la fuente de alimentación','BRB'),('MLA46190413','Modelo de la placa madre','A520'),('MLA46190413','Potencia de salida de la fuente de alimentación','500 W'),('MLA46190413','Marca del gabinete','BRB'),('MLA46190413','Conectividad de la PC','2x USB 2.0 Delanteros, HDMI, Puerto Ethernet RJ-45, USB 3.0 Traseros'),('MLA46190413','Marca del refrigerador del CPU','AMD'),('MLA46190413','Modelo del refrigerador del CPU','Cooler Stock'),('MLA46190413','Con monitor','No'),('MLA46190413','Incluye prueba de sistema operativo','Sí'),('MLA22826188','Marca','EXO'),('MLA22826188','Línea','Smart'),('MLA22826188','Modelo','T38'),('MLA22826188','Color','Gris'),('MLA22826188','Capacidad total del módulo de memoria RAM','4 GB'),('MLA22826188','Capacidad de disco SSD','128 GB'),('MLA22826188','Resolución de la pantalla','1366 px x 768 px'),('MLA22826188','Tarjeta gráfica','Intel UHD Graphics 600'),('MLA22826188','Marca del procesador','Intel'),('MLA22826188','Línea del procesador','Celeron'),('MLA22826188','Modelo del procesador','N4020'),('MLA22826188','Nombre del sistema operativo','Windows'),('MLA22826188','Versión del sistema operativo','11'),('MLA22826188','Edición del sistema operativo','Home'),('MLA22826188','Con pantalla táctil','No'),('MLA22826188','Marca de la tarjeta gráfica integrada','intel'),('MLA22826188','Velocidad máxima del procesador','2.8 GHz'),('MLA22826188','Velocidad mínima del procesador','1.1 GHz'),('MLA22826188','Color principal','Gris'),('MLA22826188','Tipo de memoria RAM','DDR4'),('MLA22826188','Cantidad de núcleos','2'),('MLA22826188','Tipo de resolución de la pantalla ','HD'),('MLA22826188','Tipo de producto','Notebook'),('MLA22826188','Con Bluetooth','Sí'),('MLA22826188','Con cámara web','Sí'),('MLA22826188','Con micrófono','Sí'),('MLA22826188','Con salida para auriculares','Sí'),('MLA22826188','Con pad numérico','No'),('MLA22826188','Con pantalla retina','No'),('MLA22826188','Con lector de tarjeta de memoria','Sí'),('MLA22826188','Tipo de pantalla','LED'),('MLA22826188','Tipo de resolución de video de la webcam','HD'),('MLA22826188','Resolución de video de la webcam','1280 px x 720 px'),('MLA22826188','Resolución de la imagen fija de la webcam','2 Mpx'),('MLA22826188','Conectividad','1 USB-A 2.0, 1 USB-A 3.0, HDMI'),('MLA22826188','Idioma del teclado','Español'),('MLA22826188','Capacidad de la batería','5 Ah'),('MLA22826188','Tamaño de la pantalla','14 \"'),('MLA22826188','Ancho','32.7 cm'),('MLA22826188','Profundidad','21.6 cm'),('MLA22826188','Altura','2.22 cm'),('MLA22826188','Peso','1.35 kg'),('MLA22826188','Es gamer','No'),('MLA22826188','Tipo de batería','Ion de litio'),('MLA22826188','Interfaz del SSD','eMMC'),('MLA22826188','Tipo de disco','SSD'),('MLA22826188','Capacidad total de disco','128 GB'),('MLA22826188','Relación de aspecto','16:9'),('MLA22826188','Tipos de puertos de video','Mini-HDMI'),('MLA22826188','Con Wi-Fi','Sí'),('MLA22826188','MPN','6692'),('MLA18968036','Marca','VGR'),('MLA18968036','Línea','Salon Trimmer'),('MLA18968036','Modelo','V-055'),('MLA18968036','Modelo alfanumérico','V-055'),('MLA18968036','Color','Negro'),('MLA18968036','Voltaje','5V'),('MLA18968036','Color principal','Negro'),('MLA18968036','Función principal','Trimmer'),('MLA18968036','Funciones','Recortadora de barba, cortadora de pelo, Recortadora de bigote'),('MLA18968036','Tipos de cabezales','Planos'),('MLA18968036','Es inalámbrico','Sí'),('MLA18968036','Con cabezales lavables','Sí'),('MLA18968036','Es apta para viaje','Sí'),('MLA18968036','Es apta para bebés','No'),('MLA18968036','Incluye batería recargable','Sí'),('MLA18968036','Cantidad de peines','4'),('MLA18968036','Cantidad de posiciones','3'),('MLA18968036','Accesorios incluidos','Adaptador de carga Cepillo limpiador 4 peines 1 manual'),('MLA18968036','Tipo de alimentación','USB'),('MLA18968036','Tipos de motor','Rotativo'),('MLA18968036','Sistema de afeitado','Lift&Cut'),('MLA18968036','Materiales de las aspas','Acero inoxidable'),('MLA18968036','Cantidad de cabezales','1'),('MLA18968036','Tiempo de funcionamiento','120 m'),('MLA18968036','Tiempo de carga','1.5 h'),('MLA18968036','Peso','320 g'),('MLA18968036','Potencia','10 W'),('MLA18968036','Largo del cable','1 m'),('MLA18968036','Altura mínima de corte','0 mm'),('MLA18968036','Altura máxima de corte','1.2 cm'),('MLA18968036','Con conversión de voltaje automática','No'),('MLA18968036','Con pantalla digital','No'),('MLA18968036','Es resistente al agua','Sí'),('MLA18968036','Es silencioso','Sí'),('MLA18968036','Con cuchilla autoafilables','No'),('MLA3821718','Marca','Versace'),('MLA3821718','Línea','Versace'),('MLA3821718','Nombre del perfume','Blue Jeans'),('MLA3821718','Versión','Tradicional'),('MLA3821718','Género','Hombre'),('MLA3821718','Tipo de perfume','Eau de toilette'),('MLA3821718','Formato de aplicación','Spray'),('MLA3821718','Volumen de la unidad','75 mL'),('MLA3821718','Es recargable','No'),('MLA3821718','Familia olfativa','Aromático fougère'),('MLA3821718','Notas olfativas','Almizcle, Ámbar, Cedro, Haba tonka, Pachuli, Raíz de iris, Sándalo, Vainilla, Vetiver'),('MLA3821718','País de origen','Italia'),('MLA3821718','Duración aproximada','6 h'),('MLA3821718','Año de lanzamiento','1994'),('MLA3821718','Es libre de crueldad','No'),('MLA3821718','Es vegano','No'),('MLA3821718','Es libre de alcohol','No'),('MLA3821718','Es set','No'),('MLA3821718','Incluye estuche','Sí'),('MLA36453870','Marca','Lüsqtoff'),('MLA36453870','Modelo','820-L'),('MLA36453870','Tipo de alimentación','Eléctrica'),('MLA36453870','Color','Naranja'),('MLA36453870','Voltaje','220V'),('MLA36453870','Frecuencia','50Hz'),('MLA36453870','Velocidad mínima de rotación','0 rpm'),('MLA36453870','Velocidad máxima de rotación','0 rpm'),('MLA36453870','Potencia','720 W'),('MLA36453870','Tipo de amoladora','Angular'),('MLA36453870','Es mini amoladora','No'),('MLA36453870','Diámetro del disco','115 mm'),('MLA36453870','Profundidad máxima de corte','0 mm'),('MLA36453870','Es inalámbrico','No'),('MLA36453870','Con mango lateral','Sí'),('MLA36453870','Incluye protector de disco','Sí'),('MLA46536597','Marca','Philips'),('MLA46536597','Línea','PHILIPS Smart TV'),('MLA46536597','Modelo','43PFD6910/77'),('MLA46536597','Modelo alfanumérico','PHILIPS 43PFD6910/77'),('MLA46536597','Color','Negro'),('MLA46536597','Voltaje','220V'),('MLA46536597','Tamaño de la pantalla','43 \"'),('MLA46536597','Tipo de resolución','Full HD'),('MLA46536597','Apps integradas','Netflix'),('MLA46536597','Accesorios incluidos','Control remoto'),('MLA46536597','Es smart','Sí'),('MLA46536597','Con HDR','Sí'),('MLA46536597','Con Wi-Fi','Sí'),('MLA46536597','Con puerto ethernet','Sí'),('MLA46536597','Con USB','Sí'),('MLA46536597','Cantidad de puertos USB','2'),('MLA46536597','Con HDMI','Sí'),('MLA46536597','Cantidad de puertos HDMI','3'),('MLA46536597','Ancho','9.58 m'),('MLA46536597','Profundidad','82 cm'),('MLA46536597','Altura','5.69 m'),('MLA46536597','Peso','6.86 kg'),('MLA46536597','Fabricante','Philips'),('MLA46536597','Resolución máxima','1920 x 1080p'),('MLA46536597','Tipo de retroiluminación','LED'),('MLA46536597','Ancho con soporte','9.58 m'),('MLA46536597','Profundidad con soporte','2.24 m'),('MLA46536597','Altura con soporte','5.87 m'),('MLA46536597','Peso con soporte','7.01 kg'),('MLA46536597','Potencia máxima de los parlantes','16 W'),('MLA46536597','Con entrada S/PDIF','Sí'),('MLA17486628','Fabricante','Nvidia'),('MLA17486628','Marca','MSI'),('MLA17486628','Línea','Ventus'),('MLA17486628','Serie','GeForce RTX 30 Series'),('MLA17486628','Modelo','RTX 3060'),('MLA17486628','Edición','OC Edition'),('MLA17486628','Tamaño de la memoria','12 GB'),('MLA17486628','Tipo de memoria gráfica','GDDR6'),('MLA17486628','Interfaz con la placa madre','PCI-Express 4.0'),('MLA17486628','Bus de memoria','192 bit'),('MLA17486628','Conectividad','3 DisplayPort 1.4, HDMI 2.1'),('MLA17486628','Número de salidas de monitor','4'),('MLA17486628','Accesorios incluidos','Manual de usuario'),('MLA17486628','Resolución máxima','8K'),('MLA17486628','Es compatible con directX','Sí'),('MLA17486628','Es compatible con openGL','Sí'),('MLA17486628','Requerimiento energético','550 W'),('MLA17486628','Velocidad de la memoria','15 GHz'),('MLA17486628','Velocidad de datos de la memoria','1.875 GB/s'),('MLA17486628','Ancho de banda de memoria','360 GB/s'),('MLA17486628','Cantidad de núcleos','3584'),('MLA17486628','Frecuencia base del núcleo','1.32 GHz'),('MLA17486628','Frecuencia boost del núcleo','1.807 GHz'),('MLA17486628','Con trazado de rayos','Sí'),('MLA17486628','MPN','912-V397-022, GEFORCE RTX 3060 VENTUS 2X 12G OC'),('MLA34783002','Fabricante','Suono'),('MLA34783002','Marca','Suono'),('MLA34783002','Línea','Home/Office'),('MLA34783002','Modelo','SNPE-2028'),('MLA34783002','Color','Plateado'),('MLA34783002','Voltaje','220V'),('MLA34783002','Color principal','Plateado'),('MLA34783002','Tecnología','Semi automática'),('MLA34783002','Tipos de cafetera','Expresso'),('MLA34783002','Materiales de la estructura','Acero inoxidable'),('MLA34783002','Capacidad de agua','1.5 L'),('MLA34783002','Incluye temporizador','No'),('MLA34783002','Incluye pilas','No'),('MLA34783002','Potencia','1.35 kW'),('MLA34783002','Accesorios incluidos','Filtros, Medidor aplanador, Portafiltro'),('MLA34783002','Presión','20 bar'),('MLA34783002','Ancho','20 cm'),('MLA34783002','Profundidad','25.5 cm'),('MLA34783002','Altura','29 cm'),('MLA34783002','Capacidad de tazas','2'),('MLA34783002','Es portátil','No'),('MLA34783002','Es empotrable','No'),('MLA34783002','Con emisión de vapor','Sí'),('MLA34783002','Con dispositivo de antigoteo','No'),('MLA34783002','Con función de calentamiento de tazas','Sí'),('MLA34783002','Con indicador de agua','Sí'),('MLA34783002','Con pantalla digital','Sí'),('MLA34783002','Con doble boquilla','Sí'),('MLA34783002','Con limpieza automática','No'),('MLA34783002','Con control de temperatura','No'),('MLA34783002','Incluye bandeja recolectora removible','Sí'),('MLA45806125','Marca','Hisense'),('MLA45806125','Línea','Negro'),('MLA45806125','Modelo','AS12UR4SVRCA02BK'),('MLA45806125','Color','Negro'),('MLA45806125','Voltaje','220V'),('MLA45806125','Potencia de refrigeración','3.5 kW'),('MLA45806125','Capacidad de calefacción','11603.7 BTU'),('MLA45806125','Capacidad de refrigeración','11944.985 BTU'),('MLA45806125','Frigorías','3010 fg'),('MLA45806125','Tipo de aire acondicionado','Split'),('MLA45806125','Tipo de climatización','Frío/Calor'),('MLA45806125','Lugares de colocación','De pared'),('MLA45806125','Con pantalla digital','Sí'),('MLA45806125','Con temporizador','Sí'),('MLA45806125','Incluye control remoto','Sí'),('MLA45806125','Tipo de gas refrigerante','R-410A'),('MLA45806125','Con tecnología inverter','Sí'),('MLA45806125','Con función sueño','Sí'),('MLA45806125','Con función deshumidificación','Sí'),('MLA45806125','Con función ventilación','Sí'),('MLA45806125','Con impacto positivo','Sí'),('MLA45806125','Nivel de ruido','39 dB'),('MLA45806125','Ancho de la unidad interna','79 cm'),('MLA45806125','Profundidad de la unidad interna','20 cm'),('MLA45806125','Altura de la unidad interna','25.5 cm'),('MLA45806125','Peso de la unidad interna','7.5 kg'),('MLA45806125','Ancho de la unidad externa','71.5 cm'),('MLA45806125','Profundidad de la unidad externa','24 cm'),('MLA45806125','Altura de la unidad externa','48.2 cm'),('MLA45806125','Peso de la unidad externa','22.8 kg'),('MLA45806125','Eficiencia energética Argentina','A++'),('MLA45806125','Eficiencia energética Brasil','A'),('MLA45806125','Eficiencia energética Colombia','A'),('MLA45806125','Eficiencia energética Chile','A'),('MLA45806125','Eficiencia energética Uruguay','A'),('MLA45806125','Eficiencia energética Ecuador','A'),('MLA45806125','Eficiencia energética Perú','A'),('MLA45806125','Eficiencia energética en modo calefacción','A'),('MLA45806125','Con limpieza automática','Sí'),('MLA45806125','COP','3.62'),('MLA20730516','Título manual','Alfajor Capitan Del Espacio Simple Chocolate Caja X 36 Unidades'),('MLA20730516','Marca','Capitan Del Espacio'),('MLA20730516','Tipo de golosina','Alfajor'),('MLA20730516','Sabor','Chocolate'),('MLA20730516','Formato de venta','Pack'),('MLA20730516','Unidades por pack','36'),('MLA20730516','Unidades por envase','1'),('MLA20730516','Peso de la unidad','40 g'),('MLA20730516','Ingrediente destacado','Dulce de leche'),('MLA20730516','Es libre de gluten','No'),('MLA20730516','Conservación del producto','Temperatura ambiente'),('MLA20730516','Es libre de azúcar','No'),('MLA20730516','Es libre de lactosa','No'),('MLA20730516','Vida útil','2 meses'),('MLA43957281','Marca','LG'),('MLA43957281','Línea','UltraGear'),('MLA43957281','Modelo','UltraGear 24GS60F-B'),('MLA43957281','Modelo alfanumérico','24GS60F-B'),('MLA43957281','Tamaño de la pantalla','23.8 \"'),('MLA43957281','Color','Negro'),('MLA43957281','Voltaje','220V'),('MLA43957281','Modelo detallado','24GS60F-B'),('MLA43957281','Tipo de pantalla','LED'),('MLA43957281','Tipo de panel','IPS'),('MLA43957281','Tipo de resolución','Full HD'),('MLA43957281','Resolución de la pantalla','1920 px x 1080 px'),('MLA43957281','Conexiones del monitor de la computadora','DisplayPort, HDMI'),('MLA43957281','Cables incluidos','Corriente, DisplayPort'),('MLA43957281','Es curvo','No'),('MLA43957281','Es gamer','Sí'),('MLA43957281','Es portátil','No'),('MLA43957281','Con altura ajustable','No'),('MLA43957281','Con función de pivote','No'),('MLA43957281','Con parlantes incorporados','No'),('MLA43957281','Con montaje VESA','Sí'),('MLA43957281','Es reclinable','Sí'),('MLA43957281','Frecuencia de actualización recomendada','180 Hz'),('MLA43957281','Relación de aspecto','16:9'),('MLA43957281','Brillo','300 cd/m²'),('MLA43957281','Contraste','1000:1'),('MLA43957281','Ángulo de visión horizontal','178°'),('MLA43957281','Ángulo de visión vertical','178°'),('MLA43957281','Con pantalla táctil','No'),('MLA43957281','Con cámara','No'),('MLA43957281','Con comando de voz integrado','No'),('MLA43957281','Con conexión múltiple','No'),('MLA43957281','Con sintonizador de TV','No'),('MLA43957281','Es 3D','No'),('MLA43957281','Es giratorio','No'),('MLA43957281','Es antirreflejo','Sí'),('MLA43957281','Con reducción de luz azul','Sí'),('MLA43957281','Incluye lápiz','No'),('MLA43957281','Año de lanzamiento','2024'),('MLA43957281','Con estabilización de negro','Sí'),('MLA43957281','Frecuencia máxima de actualización','180 Hz'),('MLA43957281','Con tecnología sin parpadeo','Sí'),('MLA43957281','Tiempo de respuesta GTG','1 ms'),('MLA43957281','Altura con soporte','14.9 cm'),('MLA43957281','Largo con soporte','18.05 cm'),('MLA43957281','Ancho con soporte','54.08 cm'),('MLA43957281','Peso con soporte','4 kg'),('MLA43957281','Altura sin soporte','32.38 cm'),('MLA43957281','Largo sin soporte','4.28 cm'),('MLA43957281','Ancho sin soporte','54.08 cm'),('MLA43957281','Peso sin soporte','3.5 kg'),('MLA43957281','Tecnologías de sincronización','FreeSync - G-Sync'),('MLA43957281','Eficiencia energética','A++'),('MLA43957281','Sistemas operativos compatibles','Windows 8'),('MLA45632525','Marca','Alpina'),('MLA45632525','Modelo','126 Piezas'),('MLA45632525','Color','Negro'),('MLA45632525','Tipo de envase','Maletín'),('MLA45632525','Cantidad de piezas','126'),('MLA45632525','Largo','60 cm'),('MLA45632525','Ancho','13 m'),('MLA45632525','Altura','42 cm'),('MLA45632525','Peso','3 kg'),('MLA45632525','Es un kit de fábrica','Sí'),('MLA22238294','Marca','Natura'),('MLA22238294','Línea','Homem'),('MLA22238294','Nombre del perfume','Essence'),('MLA22238294','Versión','Essence'),('MLA22238294','Género','Hombre'),('MLA22238294','Tipo de perfume','Eau de parfum'),('MLA22238294','Formato de aplicación','Spray'),('MLA22238294','Volumen de la unidad','100 mL'),('MLA22238294','Es recargable','No'),('MLA22238294','Familia olfativa','Amaderado'),('MLA22238294','Notas olfativas','Amaderado ambarado'),('MLA22238294','País de origen','Brasil'),('MLA22238294','Año de lanzamiento','2016'),('MLA22238294','Es libre de crueldad','Sí'),('MLA22238294','Es vegano','Sí'),('MLA22238294','Es libre de alcohol','No'),('MLA22238294','Es set','No'),('MLA7852993','Marca','Peabody'),('MLA7852993','Línea','Vitroconvectores'),('MLA7852993','Modelo','PE-VQM20'),('MLA7852993','Modelo alfanumérico','PE-VQM20R'),('MLA7852993','Color','Blanco'),('MLA7852993','Voltaje','220V'),('MLA7852993','Modelo detallado','PE-VQM20B'),('MLA7852993','Tipo de calefactor eléctrico','Vitroconvector'),('MLA7852993','Con oscilación','No'),('MLA7852993','Con función ventilación','No'),('MLA7852993','Con protección contra sobrecalentamiento','Sí'),('MLA7852993','Con función turbo','No'),('MLA7852993','Potencia máxima','2 kW'),('MLA7852993','Altura','45 cm'),('MLA7852993','Largo','10 cm'),('MLA7852993','Ancho','81.5 cm'),('MLA7852993','Fabricante','Goldmund S.A'),('MLA7852993','Con apagado automático','Sí'),('MLA7852993','Con temporizador','No'),('MLA7852993','Con termostato','Sí'),('MLA7852993','Con control remoto','No'),('MLA7852993','Con selector de temperatura','Sí'),('MLA7852993','Con protección por sobrecarga','No'),('MLA7852993','Con Wi-Fi','No'),('MLA7852993','Cantidad de niveles de potencia','2'),('MLA7852993','Material','Vidrio templado'),('MLA22448125','Marca','Machenike'),('MLA22448125','Modelo','K500-B94'),('MLA22448125','Color del teclado','Blanco'),('MLA22448125','Color de la retroiluminación','RGB'),('MLA22448125','Layout','QWERTY'),('MLA22448125','Idioma','Inglés US'),('MLA22448125','Tipo de switch','Machenike Red'),('MLA22448125','Arquitectura','Mecánico'),('MLA22448125','Tipo de conector','USB-C'),('MLA22448125','Altura del teclado','12.79 cm'),('MLA22448125','Ancho del teclado','35.33 cm'),('MLA22448125','Profundidad del teclado','3.46 cm'),('MLA22448125','Es gamer','Sí'),('MLA22448125','Es teclado numérico','No'),('MLA22448125','Es ergonómica','Sí'),('MLA22448125','Es resistente a salpicaduras','No'),('MLA22448125','Con recepción inalámbrica','No'),('MLA22448125','Con interfaz USB','Sí'),('MLA22448125','Con Bluetooth','No'),('MLA22448125','Con retroiluminación','Sí'),('MLA22448125','Con cable removible','Sí'),('MLA22448125','Con pantalla','No'),('MLA22448125','Forma de las teclas','Cilíndrica'),('MLA22448125','Cantidad de teclas','94'),('MLA22448125','Cantidad de teclas de acceso rápido','12'),('MLA22448125','Con teclas de acceso rápido','Sí'),('MLA22448125','Incluye pilas','No'),('MLA22448125','Con reposa muñeca','No'),('MLA22448125','Con touchpad','No'),('MLA22448125','Con pad numérico','Sí'),('MLA22448125','Con teclas anti-ghost','Sí'),('MLA22448125','Con trackball','No'),('MLA22448125','Es para una mano','No'),('MLA22448125','Es compacto','No'),('MLA22448125','Es flexible','No'),('MLA22448125','Peso del teclado','655 g'),('MLA22448125','Largo del cable','1.6 m'),('MLA40919487','Marca','Star Nutrition'),('MLA40919487','Línea','Legend Nutrition'),('MLA40919487','Suplemento principal','Creatina'),('MLA40919487','Nombre comercial','Creatine MONOHIDRATADA'),('MLA40919487','Formato del suplemento','Polvo'),('MLA40919487','Tipo de envase','Pote'),('MLA40919487','Sabor','Sin sabor'),('MLA40919487','Peso neto','300 g'),('MLA40919487','Formato de venta','Unidad'),('MLA40919487','Unidades por envase','1'),('MLA40919487','Unidades por pack','1'),('MLA40919487','Volumen neto','300 mL'),('MLA40919487','Volumen de la unidad','300 mL'),('MLA40919487','Peso de la unidad','300 g'),('MLA40919487','Clase de suplemento','Creatina'),('MLA40919487','Tipo de suplemento','Nutricional/Deportivo'),('MLA18212679','Marca','Ensure'),('MLA18212679','Suplemento principal','Proteína, vitaminas, minerales'),('MLA18212679','Nombre comercial','Ensure en Polvo'),('MLA18212679','Formato del suplemento','Polvo'),('MLA18212679','Tipo de envase','Caja'),('MLA18212679','Sabor','Vainilla'),('MLA18212679','Peso neto','1.2 kg'),('MLA18212679','Formato de venta','Unidad'),('MLA18212679','Unidades por envase','3'),('MLA18212679','Unidades por pack','1'),('MLA18212679','Peso de la unidad','1.2 g'),('MLA18212679','Ingredientes','Aceites vegetales, Aislado de proteína de soja, Almidón de maíz hidrolizado, Concentrado de proteína de leche, Minerales, Oligofructosa, Sacarosa'),('MLA18212679','Valores nutricionales por porción','230 kcal calorías (energía), 31 g carbohidratos, 8.6 g proteínas, 7.5 g grasas totales, 0.9 g grasas saturadas, 0 g grasas trans, 4.6 g grasas monoinsaturadas, 1.9 g grasas poliinsaturadas, 1.4 g ácido linoleico (omega 6), 0.2 g ácido linolénico (omega 3)'),('MLA18212679','Clase de suplemento','Proteínas'),('MLA18212679','Tipo de suplemento','Nutricional'),('MLA18212679','Peso de la porción','57.1 g'),('MLA18212679','Volumen de la porción','57.1 mL'),('MLA18212679','Aminoácidos por porción','8.7 g'),('MLA18212679','Edad mínima recomendada','40 años'),('MLA18212679','Es libre de gluten','Sí'),('MLA18212679','Es vegano','No'),('MLA18212679','Contiene lactosa','No'),('MLA18212679','Cantidad de porciones','22'),('MLA18212679','Es apto para personas en período de lactancia','No'),('MLA18212679','Es apto para personas en período de embarazo','No'),('MLA18212679','Es orgánico','No'),('MLA18212679','Con fecha de vencimiento','Sí'),('MLA48935613','Marca','Sansei'),('MLA48935613','Modelo','MSADW20'),('MLA48935613','Color','Blanco'),('MLA48935613','Voltaje','220V'),('MLA48935613','Capacidad en volumen','20 L'),('MLA48935613','Con grill','No'),('MLA48935613','Potencia','700 W'),('MLA48935613','Tipos de montaje del microondas','De mesa'),('MLA48935613','Es industrial','No'),('MLA48935613','Con temporizador','Sí'),('MLA48935613','Con convección','No'),('MLA48935613','Con pantalla digital','Sí'),('MLA48935613','Con descongelamiento automático por peso','Sí'),('MLA48935613','Con descongelamiento por tiempo','Sí'),('MLA48935613','Con Wi-Fi','No'),('MLA10841927','Marca','Liliana'),('MLA10841927','Modelo','CI080'),('MLA10841927','Color','Blanco'),('MLA10841927','Voltaje','220V'),('MLA10841927','Tipo de calefactor eléctrico','Infrarrojo'),('MLA10841927','Con oscilación','No'),('MLA10841927','Con función ventilación','No'),('MLA10841927','Con protección contra sobrecalentamiento','Sí'),('MLA10841927','Con función turbo','No'),('MLA10841927','Potencia máxima','1.4 kW'),('MLA10841927','Altura','51 cm'),('MLA10841927','Largo','18 cm'),('MLA10841927','Ancho','31 cm'),('MLA10841927','Con selector de temperatura','Sí'),('MLA10841927','Con protección por sobrecarga','Sí'),('MLA10841927','Cantidad de niveles de potencia','2'),('MLA45805436','Marca','Lüsqtoff'),('MLA45805436','Línea','GardenPlus'),('MLA45805436','Modelo','GP-LH-199'),('MLA45805436','Presentación','Maletín de transporte'),('MLA45805436','Color','Amarillo'),('MLA45805436','Voltaje','12V'),('MLA45805436','Frecuencia','50 Hz'),('MLA45805436','Modelo detallado','GP-LH-199'),('MLA45805436','Color principal','Amarillo'),('MLA45805436','Cantidad de baterías','2'),('MLA45805436','Amperaje de la bateria','1.5 Ah'),('MLA45805436','Tamaño del mandril','10 mm'),('MLA45805436','Velocidad mínima de rotación','400 rpm'),('MLA45805436','Velocidad máxima de rotación','1350 rpm'),('MLA45805436','Incluye cargador','Sí'),('MLA45805436','Es inalámbrico','Sí'),('MLA45805436','Con función destornillador','Sí'),('MLA45805436','Con función percutor','Sí'),('MLA45805436','Es de mango tipo espada','No'),('MLA45805436','Con empuñadura soft grip','Sí'),('MLA37166229','Marca','Embassy'),('MLA37166229','Línea','Calefacción'),('MLA37166229','Modelo','EM-C2000D2'),('MLA37166229','Color','Blanco'),('MLA37166229','Voltaje','220V'),('MLA37166229','Tipo de calefactor eléctrico','Caloventor'),('MLA37166229','Con función ventilación','Sí'),('MLA37166229','Potencia máxima','2 kW'),('MLA37166229','Con apagado automático','No'),('MLA37166229','Con temporizador','No'),('MLA37166229','Con ranura para transporte','No'),('MLA37166229','Con termostato','No'),('MLA37166229','Con control remoto','No'),('MLA37166229','Con selector de temperatura','No'),('MLA37166229','Con protección por sobrecarga','No'),('MLA37166229','Con Wi-Fi','No'),('MLA37166229','Material','Cerámica'),('MLA41766335','Marca','Suono'),('MLA41766335','Modelo','Aspiradora tacho'),('MLA41766335','Capacidad en volumen','25 L'),('MLA41766335','Color','Plateado'),('MLA41766335','Voltaje','220V'),('MLA41766335','Color principal','Plateado'),('MLA41766335','Potencia','1.3 kW'),('MLA41766335','Nivel de presión sonora','50 dBA'),('MLA41766335','Tipos de aspiradora y limpiadora a vapor','De tac'),('MLA41766335','Funciones adicionales','Aspiradora, Sopladora, soplad'),('MLA41766335','Tipos de colector','Sin bolsa'),('MLA41766335','Es apto para líquido','Sí'),('MLA41766335','Es inalámbrico','No'),('MLA41766335','Es industrial','Sí'),('MLA41766335','Incluye batería','No'),('MLA41766335','Peso','4 kg'),('MLA41766335','Potencia de succión','1.3 kW'),('MLA41766335','Largo del cable','5 m'),('MLA41766335','Con indicador de colector lleno','No'),('MLA41766335','Con base de carga','No'),('MLA41766335','Con ruedas','Sí'),('MLA41766335','Tipo de encendido','Manual'),('MLA41766335','Tipo de alimentación','Corriente eléctrica'),('MLA41766335','Material de la carcasa','Acero inoxidable'),('MLA41766335','Usos recomendados','Tapicería, Autos, Muebles'),('MLA41766335','Accesorios incluidos','Boquilla, Manguera, Tubos'),('MLA15173180','Marca','Logitech G'),('MLA15173180','Línea','G Series'),('MLA15173180','Modelo','Lightspeed'),('MLA15173180','Modelo alfanumérico','G502'),('MLA15173180','Color','Negro'),('MLA15173180','Color principal','Negro'),('MLA15173180','Modelo detallado','G502'),('MLA15173180','Tipo de mouse','De juego'),('MLA15173180','Tipo de sensor','Óptico'),('MLA15173180','Tecnología del sensor','Hero 25K'),('MLA15173180','Orientación de la mano','Diestro'),('MLA15173180','Sistemas operativos compatibles','Windows 7, macOS X 10.11, Chrome OS'),('MLA15173180','Es gamer','Sí'),('MLA15173180','Con conexión USB','Sí'),('MLA15173180','Con Bluetooth','No'),('MLA15173180','Con cable','No'),('MLA15173180','Es inalámbrico','Sí'),('MLA15173180','Resolución del sensor','25600 dpi'),('MLA15173180','Velocidad máxima','400 ips'),('MLA15173180','Cantidad de botones','11'),('MLA15173180','Fabricante','Logitech'),('MLA15173180','Interfaces','USB'),('MLA15173180','Radio frecuencia','2.4 GHz'),('MLA15173180','Largo','29 cm'),('MLA15173180','Ancho','7.5 cm'),('MLA15173180','Altura','4 cm'),('MLA15173180','Peso','114 g'),('MLA15173180','Alcance máximo','5 m'),('MLA15173180','Con cable retráctil','No'),('MLA15173180','Con rueda de desplazamiento','Sí'),('MLA15173180','Con interruptor de ahorro de energía','No'),('MLA15173180','Con luces','Sí'),('MLA15173180','Incluye mousepad','No'),('MLA15173180','Es ergonómica','Sí'),('MLA15173180','Es recargable','Sí'),('MLA15173180','MPN','910-005565, 910-005566'),('MLA26994480','Marca','TRENT'),('MLA26994480','Línea','Hidrolavadora'),('MLA26994480','Modelo','HLT203-1400'),('MLA26994480','Modelo alfanumérico','HLT203-1400-AC220V'),('MLA26994480','Color','Amarillo'),('MLA26994480','Voltaje','220V'),('MLA26994480','Frecuencia','50 Hz'),('MLA26994480','Modelo detallado','HLT203-1400-AC220V'),('MLA26994480','Presión máxima','110 bar'),('MLA26994480','Caudal de agua','6.5 l/min'),('MLA26994480','Usos recomendados','Balcones y pasillos, Bicicletas, Muebles y artículos de jardín, Pisos y paredes de patios, Terrazas, Vehículos'),('MLA26994480','Accesorios incluidos','Manguera de alta presión\nPistola de alta presión, Lanza extensora, Lanza ajustable, Botella de detergente, Soporte de manguera de alta presión, Soporte de pistola de alta presión, Soporte de cable de alimentación, Tasa de sujeción'),('MLA26994480','Tipo de alimentación','Corriente eléctrica'),('MLA26994480','Temperatura máxima de agua','50 °C'),('MLA26994480','Nivel de presión sonora','92 dBA'),('MLA26994480','Incluye tanque de agua','No'),('MLA26994480','Incluye cargador','Sí'),('MLA26994480','Incluye batería','No'),('MLA26994480','Material de los pistones','Acero'),('MLA26994480','Rendimiento de superficie','20 m²/h'),('MLA26994480','Largo de la hidrolavadora','24 cm'),('MLA26994480','Ancho de la hidrolavadora','25 cm'),('MLA26994480','Alto de la hidrolavadora','36 cm'),('MLA26994480','Peso de la hidrolavadora','4.9 kg'),('MLA26994480','Es apto para agua caliente','No'),('MLA26994480','Con ruedas','No'),('MLA26994480','Con filtro de agua','Sí'),('MLA26994480','Con carrete de manguera','No'),('MLA26994480','Con diferentes tipos de chorros','Sí'),('MLA26994480','Con depósito de espuma','Sí'),('MLA26994480','Con mango para transportar','Sí'),('MLA26994480','Con protector de sobrecalentamiento','Sí'),('MLA26994480','Con certificado INMETRO','No'),('MLA26994480','Con freno de estacionamiento','No'),('MLA26994480','Incluye dosificador de detergente','Sí'),('MLA26994480','Incluye manguera','Sí'),('MLA32629839','Marca','Yelmo'),('MLA32629839','Modelo','PE-3912'),('MLA32629839','Color','Negro'),('MLA32629839','Voltaje','220V'),('MLA32629839','Capacidad en volumen','1.7 L'),('MLA32629839','Materiales','Acero inoxidable'),('MLA32629839','Con termómetro','Sí'),('MLA32629839','Con control de temperatura','Sí'),('MLA32629839','Con corte automático','Sí'),('MLA32629839','Potencia','2.2 kW'),('MLA35379110','Marca','3009'),('MLA35379110','Línea','Gerencial'),('MLA35379110','Modelo','3009'),('MLA35379110','Modelo alfanumérico','3009NPVC'),('MLA35379110','Color','Negro'),('MLA35379110','Material del tapizado','Tela'),('MLA35379110','Unidades por pack','1'),('MLA35379110','Modelo detallado','3009'),('MLA35379110','Color principal','Negro'),('MLA35379110','Tipo de silla de oficina','Ejecutiva'),('MLA35379110','Materiales de la estructura','Plástico'),('MLA35379110','Materiales del relleno','Espuma'),('MLA35379110','Altura del respaldo','55 cm'),('MLA35379110','Profundidad del asiento','53 cm'),('MLA35379110','Ancho de la silla','67 cm'),('MLA35379110','Altura máxima de la silla','121 cm'),('MLA35379110','Peso máximo soportado','120 kg'),('MLA35379110','Requiere ensamblado','Sí'),('MLA35379110','Con altura ajustable','Sí'),('MLA35379110','Con aro para pies','No'),('MLA35379110','Con apoyabrazos','Sí'),('MLA35379110','Con respaldo reclinable','No'),('MLA35379110','Con ruedas','Sí'),('MLA35379110','Con luces','No'),('MLA35379110','Con apoyabrazos ajustable','Sí'),('MLA35379110','Con apoyacabezas','Sí'),('MLA35379110','Con apoya pies','No'),('MLA35379110','Es gamer','No'),('MLA35379110','Es ergonómica','Sí'),('MLA35379110','Es giratoria','Sí'),('MLA35379110','Incluye manual de ensamblado','Sí'),('MLA35379110','Tipo de soporte lumbar','Fijo'),('MLA35379110','Tipos de mecanismos de reclinación','Basculante'),('MLA35379110','Peso de la silla','14 kg'),('MLA35379110','Ancho del respaldo','50 cm'),('MLA35379110','Altura mínima del piso al asiento','44 cm'),('MLA35379110','Altura máxima del piso al asiento','52 cm'),('MLA35379110','Altura mínima de la silla','113 cm'),('MLA22938950','Marca','Simmons'),('MLA22938950','Línea','En Caja'),('MLA22938950','Modelo','Yolo edition'),('MLA22938950','Color','Blanco'),('MLA22938950','Tamaño del colchón','1 plaza'),('MLA22938950','Largo','190 cm'),('MLA22938950','Ancho','80 cm'),('MLA22938950','Altura','22 cm'),('MLA22938950','Con pillow','No'),('MLA22938950','Es doble pillow','No'),('MLA22938950','Densidad','31 kg/m³'),('MLA22938950','Peso máximo soportado','100 kg'),('MLA22938950','Tipo de relleno','Espuma'),('MLA22938950','Firmeza del colchón','Firme'),('MLA22938950','Está envasado al vacío','Sí'),('MLA22938950','Es colchón en caja','Sí'),('MLA22938950','Es infantil','No'),('MLA22938950','Es eco-friendly','Sí'),('MLA22938950','Es ortopédico','No'),('MLA22938950','Composición de la tela','De punto'),('MLA22938950','Con memory foam','Sí'),('MLA22938950','Es un producto hipoalergénico','No'),('MLA22938950','Es antiácaros','Sí'),('MLA22938950','Es one side','Sí'),('MLA22938950','Con marco perimetral','No'),('MLA22938950','Con manijas laterales','No'),('MLA19795012','Marca','Amazon'),('MLA19795012','Línea','Dot'),('MLA19795012','Modelo','Echo Dot 5th Gen'),('MLA19795012','Color','Blanco'),('MLA19795012','Voltaje','110/220V'),('MLA19795012','Potencia','15 W'),('MLA19795012','Asistentes virtuales','Alexa'),('MLA19795012','Funciones','Reproducción de música, Control por voz, Sensores ambientales, Control de dispositivos del hogar, Control por tacto'),('MLA19795012','Idiomas','Multi idioma'),('MLA19795012','Tipos de alimentación','Corriente eléctrica'),('MLA19795012','Con conexión Wi-Fi','Sí'),('MLA19795012','Con sonido 360 grados','Sí'),('MLA19795012','Con materiales reciclables','Sí'),('MLA19795012','Homologación Anatel Nº','168642201698'),('MLA19795012','Sistemas operativos compatibles','iOS 14, Android 8.0, Fire OS 7.0'),('MLA19795012','Radiofrecuencias','2.4 GHz, 5 GHz'),('MLA19795012','Estándares inalámbricos','IEEE 802.11a/b/g/n/ac'),('MLA19795012','Es resistente a la humedad','No'),('MLA19795012','Con Bluetooth','Sí'),('MLA19795012','Con sistema de audio multi-room','Sí'),('MLA19795012','Con pantalla digital','No'),('MLA19795012','Con pantalla táctil','No'),('MLA19795012','Con cámara','No'),('MLA19795012','Resolución de la cámara','5 Mpx'),('MLA19795012','Tamaño de la pantalla','0.614 \"'),('MLA19795012','Respuesta mínima en frecuencia','100 Hz'),('MLA19795012','Respuesta máxima en frecuencia','40 kHz'),('MLA19795012','Profundidad','8.9 cm'),('MLA19795012','Altura','10 cm'),('MLA19795012','Ancho','10 cm'),('MLA19795012','Peso','304 g'),('MLA19795012','Diámetro','1 m'),('MLA19795012','MPN','B09B94RL1R'),('MLA21088240','Título manual','Alfajor Guaymallen Chocolate Negro 38g Caja x 40Un'),('MLA21088240','Marca','Guaymallen'),('MLA21088240','Línea','Simple'),('MLA21088240','Tipo de golosina','Alfajor'),('MLA21088240','Sabor','Dulce de leche'),('MLA21088240','Condición de venta','Envasado'),('MLA21088240','Formato de venta','Unidad'),('MLA21088240','Unidades por pack','1'),('MLA21088240','Unidades por envase','40'),('MLA21088240','Peso de la unidad','38 g'),('MLA21088240','Peso neto','1.52 kg'),('MLA21088240','Ingrediente destacado','Chocolate negro'),('MLA21088240','Es libre de gluten','No'),('MLA21088240','Conservación del producto','Temperatura ambiente'),('MLA21088240','Es libre de azúcar','No'),('MLA21088240','Es libre de lactosa','No'),('MLA21088240','Vida útil','3 meses'),('MLA23805985','Marca','Bensimon'),('MLA23805985','Nombre del perfume','Bold'),('MLA23805985','Género','Hombre'),('MLA23805985','Tipo de perfume','Eau de parfum'),('MLA23805985','Formato de aplicación','Spray'),('MLA23805985','Volumen de la unidad','100 mL'),('MLA23805985','Es recargable','No'),('MLA23805985','Familia olfativa','ÁMBAR (ORIENTAL) AMADERADO'),('MLA23805985','Notas olfativas','Cedro del Atlas, Cuero, Flor de Osmantus, Davana, Manzana, Pachuli, Vainilla negra, Floral, Frutal, Haba Tonka, Rosa de damasco'),('MLA23805985','País de origen','Argentina'),('MLA23805985','Año de lanzamiento','2024'),('MLA23805985','Es libre de crueldad','Sí'),('MLA23805985','Es vegano','No'),('MLA23805985','MPN','P0036-90-UN'),('MLA39191572','Marca','Dinamic Store'),('MLA39191572','Modelo','CUBRE COCHE UV SOLO IMPERMEABLE'),('MLA39191572','Color','Blanco'),('MLA39191572','Largo','4.5 m'),('MLA39191572','Ancho','1.5 m'),('MLA39191572','Con protección UV','Sí'),('MLA39191572','Es a prueba de agua','Sí'),('MLA39191572','Incluye bolso','Sí'),('MLA39191572','Tipo de vehículo','Auto/Camioneta');
/*!40000 ALTER TABLE `product_attributes` ENABLE KEYS */;
UNLOCK TABLES;

--
-- Table structure for table `product_pictures`
--

DROP TABLE IF EXISTS `product_pictures`;
/*!40101 SET @saved_cs_client     = @@character_set_client */;
/*!50503 SET character_set_client = utf8mb4 */;
CREATE TABLE `product_pictures` (
  `product_id` varchar(255) NOT NULL,
  `url` varchar(255) DEFAULT NULL,
  KEY `FKhhrqwwvq0v1pgtlo5jt943uh2` (`product_id`),
  CONSTRAINT `FKhhrqwwvq0v1pgtlo5jt943uh2` FOREIGN KEY (`product_id`) REFERENCES `product` (`id`)
) ENGINE=InnoDB DEFAULT CHARSET=utf8mb4 COLLATE=utf8mb4_0900_ai_ci;
/*!40101 SET character_set_client = @saved_cs_client */;

--
-- Dumping data for table `product_pictures`
--

LOCK TABLES `product_pictures` WRITE;
/*!40000 ALTER TABLE `product_pictures` DISABLE KEYS */;
INSERT INTO `product_pictures` VALUES ('MLA46190413','https://http2.mlstatic.com/D_NQ_NP_840126-MLA82556213013_022025-F.jpg'),('MLA46190413','https://http2.mlstatic.com/D_NQ_NP_625120-MLA82272406292_022025-F.jpg'),('MLA46190413','https://http2.mlstatic.com/D_NQ_NP_971827-MLA82556356759_022025-F.jpg'),('MLA46190413','https://http2.mlstatic.com/D_NQ_NP_977472-MLA83229725325_032025-F.jpg'),('MLA46190413','https://http2.mlstatic.com/D_NQ_NP_775500-MLA86962063664_072025-F.jpg'),('MLA22826188','https://http2.mlstatic.com/D_NQ_NP_620219-MLA54973743242_042023-F.jpg'),('MLA22826188','https://http2.mlstatic.com/D_NQ_NP_823504-MLU72660358690_112023-F.jpg'),('MLA22826188','https://http2.mlstatic.com/D_NQ_NP_649706-MLU72660358712_112023-F.jpg'),('MLA22826188','https://http2.mlstatic.com/D_NQ_NP_726213-MLU72733464783_112023-F.jpg'),('MLA22826188','https://http2.mlstatic.com/D_NQ_NP_968844-MLA54973758304_042023-F.jpg'),('MLA22826188','https://http2.mlstatic.com/D_NQ_NP_736257-MLA74676484856_022024-F.jpg'),('MLA18968036','https://http2.mlstatic.com/D_NQ_NP_617952-MLU77338401220_072024-F.jpg'),('MLA3821718','https://http2.mlstatic.com/D_NQ_NP_857316-MLA86753241316_072025-F.jpg'),('MLA36453870','https://http2.mlstatic.com/D_NQ_NP_816227-MLA85127011987_052025-F.jpg'),('MLA36453870','https://http2.mlstatic.com/D_NQ_NP_601440-MLA85133462715_052025-F.jpg'),('MLA36453870','https://http2.mlstatic.com/D_NQ_NP_948962-MLA85133423593_052025-F.jpg'),('MLA36453870','https://http2.mlstatic.com/D_NQ_NP_715950-MLA84833506582_052025-F.jpg'),('MLA36453870','https://http2.mlstatic.com/D_NQ_NP_667365-MLA84024509078_052025-F.jpg'),('MLA36453870','https://http2.mlstatic.com/D_NQ_NP_604027-MLA85127245959_052025-F.jpg'),('MLA36453870','https://http2.mlstatic.com/D_NQ_NP_859955-MLA84826943634_052025-F.jpg'),('MLA36453870','https://http2.mlstatic.com/D_NQ_NP_940038-MLA87057306905_072025-F.jpg'),('MLA36453870','https://http2.mlstatic.com/D_NQ_NP_975756-MLA86734605872_072025-F.jpg'),('MLA36453870','https://http2.mlstatic.com/D_NQ_NP_661941-MLA86734254600_072025-F.jpg'),('MLA36453870','https://http2.mlstatic.com/D_NQ_NP_833369-MLA86734605902_072025-F.jpg'),('MLA46536597','https://http2.mlstatic.com/D_NQ_NP_666292-MLA84317054694_052025-F.jpg'),('MLA46536597','https://http2.mlstatic.com/D_NQ_NP_713175-MLA84317199484_052025-F.jpg'),('MLA46536597','https://http2.mlstatic.com/D_NQ_NP_725186-MLA82789318307_022025-F.jpg'),('MLA46536597','https://http2.mlstatic.com/D_NQ_NP_669593-MLA84317344768_052025-F.jpg'),('MLA17486628','https://http2.mlstatic.com/D_NQ_NP_880481-MLU70023451781_062023-F.jpg'),('MLA17486628','https://http2.mlstatic.com/D_NQ_NP_681458-MLA79829361701_102024-F.jpg'),('MLA17486628','https://http2.mlstatic.com/D_NQ_NP_944739-MLU70023451785_062023-F.jpg'),('MLA17486628','https://http2.mlstatic.com/D_NQ_NP_681522-MLA79580909580_102024-F.jpg'),('MLA17486628','https://http2.mlstatic.com/D_NQ_NP_631734-MLU70023799607_062023-F.jpg'),('MLA34783002','https://http2.mlstatic.com/D_NQ_NP_943076-MLU77738040185_072024-F.jpg'),('MLA34783002','https://http2.mlstatic.com/D_NQ_NP_817175-MLU75650616984_042024-F.jpg'),('MLA34783002','https://http2.mlstatic.com/D_NQ_NP_749543-MLU75650636886_042024-F.jpg'),('MLA34783002','https://http2.mlstatic.com/D_NQ_NP_983713-MLU75650626950_042024-F.jpg'),('MLA34783002','https://http2.mlstatic.com/D_NQ_NP_702204-MLU75650616996_042024-F.jpg'),('MLA34783002','https://http2.mlstatic.com/D_NQ_NP_637864-MLU75650636900_042024-F.jpg'),('MLA45806125','https://http2.mlstatic.com/D_NQ_NP_915453-MLA86663556813_062025-F.jpg'),('MLA45806125','https://http2.mlstatic.com/D_NQ_NP_692174-MLA82091905168_022025-F.jpg'),('MLA45806125','https://http2.mlstatic.com/D_NQ_NP_913952-MLA82241017730_022025-F.jpg'),('MLA45806125','https://http2.mlstatic.com/D_NQ_NP_637330-MLA81908012718_012025-F.jpg'),('MLA45806125','https://http2.mlstatic.com/D_NQ_NP_812622-MLA81908086480_012025-F.jpg'),('MLA45806125','https://http2.mlstatic.com/D_NQ_NP_691261-MLA82188664921_012025-F.jpg'),('MLA45806125','https://http2.mlstatic.com/D_NQ_NP_657200-MLA82188664931_012025-F.jpg'),('MLA45806125','https://http2.mlstatic.com/D_NQ_NP_811171-MLA82188609403_012025-F.jpg'),('MLA20730516','https://http2.mlstatic.com/D_NQ_NP_731482-MLU78896684159_092024-F.jpg'),('MLA20730516','https://http2.mlstatic.com/D_NQ_NP_824698-MLU75683097160_042024-F.jpg'),('MLA20730516','https://http2.mlstatic.com/D_NQ_NP_626828-MLU78896703863_092024-F.jpg'),('MLA43957281','https://http2.mlstatic.com/D_NQ_NP_680013-MLU78590458677_082024-F.jpg'),('MLA43957281','https://http2.mlstatic.com/D_NQ_NP_689906-MLU78590214349_082024-F.jpg'),('MLA43957281','https://http2.mlstatic.com/D_NQ_NP_762419-MLU78590214367_082024-F.jpg'),('MLA43957281','https://http2.mlstatic.com/D_NQ_NP_644621-MLU77938466806_082024-F.jpg'),('MLA45632525','https://http2.mlstatic.com/D_NQ_NP_911747-MLA82063479445_012025-F.jpg'),('MLA45632525','https://http2.mlstatic.com/D_NQ_NP_793362-MLA82063556613_012025-F.jpg'),('MLA22238294','https://http2.mlstatic.com/D_NQ_NP_755593-MLA84845463727_052025-F.jpg'),('MLA22238294','https://http2.mlstatic.com/D_NQ_NP_837359-MLA84845571211_052025-F.jpg'),('MLA22238294','https://http2.mlstatic.com/D_NQ_NP_618963-MLA84845571231_052025-F.jpg'),('MLA22238294','https://http2.mlstatic.com/D_NQ_NP_911424-MLA84547273758_052025-F.jpg'),('MLA22238294','https://http2.mlstatic.com/D_NQ_NP_990340-MLA84547273768_052025-F.jpg'),('MLA7852993','https://http2.mlstatic.com/D_NQ_NP_650959-MLA87106935864_072025-F.jpg'),('MLA22448125','https://http2.mlstatic.com/D_NQ_NP_841084-MLA74676490678_022024-F.jpg'),('MLA22448125','https://http2.mlstatic.com/D_NQ_NP_725918-MLA54909976392_042023-F.jpg'),('MLA22448125','https://http2.mlstatic.com/D_NQ_NP_733787-MLA54905303033_042023-F.jpg'),('MLA22448125','https://http2.mlstatic.com/D_NQ_NP_861234-MLA54905273495_042023-F.jpg'),('MLA22448125','https://http2.mlstatic.com/D_NQ_NP_733212-MLA54905352143_042023-F.jpg'),('MLA22448125','https://http2.mlstatic.com/D_NQ_NP_618843-MLA54909976396_042023-F.jpg'),('MLA22448125','https://http2.mlstatic.com/D_NQ_NP_715143-MLA54905303037_042023-F.jpg'),('MLA22448125','https://http2.mlstatic.com/D_NQ_NP_752828-MLA54905316565_042023-F.jpg'),('MLA22448125','https://http2.mlstatic.com/D_NQ_NP_688854-MLA82733880674_032025-F.jpg'),('MLA22448125','https://http2.mlstatic.com/D_NQ_NP_613558-MLA82733533474_032025-F.jpg'),('MLA22448125','https://http2.mlstatic.com/D_NQ_NP_876374-MLA82733582704_032025-F.jpg'),('MLA40919487','https://http2.mlstatic.com/D_NQ_NP_882241-MLU79103712584_092024-F.jpg'),('MLA18212679','https://http2.mlstatic.com/D_NQ_NP_835817-MLA47583810527_092021-F.jpg'),('MLA18212679','https://http2.mlstatic.com/D_NQ_NP_892055-MLU72584275944_112023-F.jpg'),('MLA18212679','https://http2.mlstatic.com/D_NQ_NP_819366-MLU72584275952_112023-F.jpg'),('MLA18212679','https://http2.mlstatic.com/D_NQ_NP_822603-MLU72654162855_112023-F.jpg'),('MLA18212679','https://http2.mlstatic.com/D_NQ_NP_771418-MLU75455935623_032024-F.jpg'),('MLA48935613','https://http2.mlstatic.com/D_NQ_NP_709442-MLA83775931312_042025-F.jpg'),('MLA48935613','https://http2.mlstatic.com/D_NQ_NP_848244-MLA83776095514_042025-F.jpg'),('MLA10841927','https://http2.mlstatic.com/D_NQ_NP_950281-MLA46872784688_072021-F.jpg'),('MLA10841927','https://http2.mlstatic.com/D_NQ_NP_846645-MLA46872784675_072021-F.jpg'),('MLA10841927','https://http2.mlstatic.com/D_NQ_NP_708646-MLA74650695642_022024-F.jpg'),('MLA45805436','https://http2.mlstatic.com/D_NQ_NP_682349-MLA81907713910_012025-F.jpg'),('MLA45805436','https://http2.mlstatic.com/D_NQ_NP_671404-MLA81909999104_012025-F.jpg'),('MLA45805436','https://http2.mlstatic.com/D_NQ_NP_608385-MLA81910026828_012025-F.jpg'),('MLA45805436','https://http2.mlstatic.com/D_NQ_NP_749386-MLA82190463171_012025-F.jpg'),('MLA45805436','https://http2.mlstatic.com/D_NQ_NP_763360-MLA81909954200_012025-F.jpg'),('MLA37166229','https://http2.mlstatic.com/D_NQ_NP_937993-MLA85346812110_062025-F.jpg'),('MLA41766335','https://http2.mlstatic.com/D_NQ_NP_839566-MLA79886784141_102024-F.jpg'),('MLA41766335','https://http2.mlstatic.com/D_NQ_NP_709051-MLA79886784199_102024-F.jpg'),('MLA41766335','https://http2.mlstatic.com/D_NQ_NP_788827-MLA87175287810_072025-F.jpg'),('MLA41766335','https://http2.mlstatic.com/D_NQ_NP_650736-MLA79886926931_102024-F.jpg'),('MLA41766335','https://http2.mlstatic.com/D_NQ_NP_768627-MLA79637629680_102024-F.jpg'),('MLA41766335','https://http2.mlstatic.com/D_NQ_NP_736682-MLA79886784185_102024-F.jpg'),('MLA15173180','https://http2.mlstatic.com/D_NQ_NP_649213-MLA84552473960_052025-F.jpg'),('MLA15173180','https://http2.mlstatic.com/D_NQ_NP_783431-MLA84552473972_052025-F.jpg'),('MLA15173180','https://http2.mlstatic.com/D_NQ_NP_935938-MLA84552483788_052025-F.jpg'),('MLA15173180','https://http2.mlstatic.com/D_NQ_NP_636971-MLA85940940915_062025-F.jpg'),('MLA26994480','https://http2.mlstatic.com/D_NQ_NP_792068-MLA83532728500_042025-F.jpg'),('MLA26994480','https://http2.mlstatic.com/D_NQ_NP_615295-MLA84752515809_052025-F.jpg'),('MLA26994480','https://http2.mlstatic.com/D_NQ_NP_612800-MLA83825605107_042025-F.jpg'),('MLA26994480','https://http2.mlstatic.com/D_NQ_NP_806927-MLA83825566079_042025-F.jpg'),('MLA26994480','https://http2.mlstatic.com/D_NQ_NP_892046-MLA83825605121_042025-F.jpg'),('MLA26994480','https://http2.mlstatic.com/D_NQ_NP_620465-MLA83825566085_042025-F.jpg'),('MLA26994480','https://http2.mlstatic.com/D_NQ_NP_949152-MLA83532747834_042025-F.jpg'),('MLA26994480','https://http2.mlstatic.com/D_NQ_NP_771546-MLA83825605137_042025-F.jpg'),('MLA26994480','https://http2.mlstatic.com/D_NQ_NP_677067-MLA83532728542_042025-F.jpg'),('MLA32629839','https://http2.mlstatic.com/D_NQ_NP_679901-MLA80824926761_112024-F.jpg'),('MLA32629839','https://http2.mlstatic.com/D_NQ_NP_906471-MLA80562788076_112024-F.jpg'),('MLA32629839','https://http2.mlstatic.com/D_NQ_NP_768731-MLA80562788086_112024-F.jpg'),('MLA32629839','https://http2.mlstatic.com/D_NQ_NP_898660-MLU74487673135_022024-F.jpg'),('MLA32629839','https://http2.mlstatic.com/D_NQ_NP_821212-MLU74487643821_022024-F.jpg'),('MLA35379110','https://http2.mlstatic.com/D_NQ_NP_653647-MLU75859074849_042024-F.jpg'),('MLA35379110','https://http2.mlstatic.com/D_NQ_NP_858210-MLU75460868980_042024-F.jpg'),('MLA35379110','https://http2.mlstatic.com/D_NQ_NP_944119-MLU75460868984_042024-F.jpg'),('MLA35379110','https://http2.mlstatic.com/D_NQ_NP_819710-MLU75859006163_042024-F.jpg'),('MLA35379110','https://http2.mlstatic.com/D_NQ_NP_874943-MLU75617778349_042024-F.jpg'),('MLA35379110','https://http2.mlstatic.com/D_NQ_NP_838930-MLU75859006177_042024-F.jpg'),('MLA35379110','https://http2.mlstatic.com/D_NQ_NP_997384-MLU75858936757_042024-F.jpg'),('MLA35379110','https://http2.mlstatic.com/D_NQ_NP_666657-MLU75858936763_042024-F.jpg'),('MLA22938950','https://http2.mlstatic.com/D_NQ_NP_805211-MLU73202752601_122023-F.jpg'),('MLA22938950','https://http2.mlstatic.com/D_NQ_NP_812923-MLA87116797804_072025-F.jpg'),('MLA22938950','https://http2.mlstatic.com/D_NQ_NP_856269-MLU73202693921_122023-F.jpg'),('MLA22938950','https://http2.mlstatic.com/D_NQ_NP_609904-MLU73118910524_122023-F.jpg'),('MLA22938950','https://http2.mlstatic.com/D_NQ_NP_727158-MLU78582997538_082024-F.jpg'),('MLA22938950','https://http2.mlstatic.com/D_NQ_NP_626393-MLU78816474355_082024-F.jpg'),('MLA19795012','https://http2.mlstatic.com/D_NQ_NP_731461-MLU76444390041_052024-F.jpg'),('MLA19795012','https://http2.mlstatic.com/D_NQ_NP_906278-MLU71705357643_092023-F.jpg'),('MLA19795012','https://http2.mlstatic.com/D_NQ_NP_808614-MLU71655028668_092023-F.jpg'),('MLA19795012','https://http2.mlstatic.com/D_NQ_NP_932082-MLU71655028672_092023-F.jpg'),('MLA21088240','https://http2.mlstatic.com/D_NQ_NP_644187-MLU72823925871_112023-F.jpg'),('MLA21088240','https://http2.mlstatic.com/D_NQ_NP_928832-MLU69967560701_062023-F.jpg'),('MLA21088240','https://http2.mlstatic.com/D_NQ_NP_882902-MLU72644136097_112023-F.jpg'),('MLA21088240','https://http2.mlstatic.com/D_NQ_NP_958466-MLU72572632148_112023-F.jpg'),('MLA23805985','https://http2.mlstatic.com/D_NQ_NP_981693-MLA84546626104_052025-F.jpg'),('MLA23805985','https://http2.mlstatic.com/D_NQ_NP_685282-MLA84546626122_052025-F.jpg'),('MLA23805985','https://http2.mlstatic.com/D_NQ_NP_977359-MLA84546626130_052025-F.jpg'),('MLA39191572','https://http2.mlstatic.com/D_NQ_NP_933071-MLA85631421174_062025-F.jpg'),('MLA39191572','https://http2.mlstatic.com/D_NQ_NP_882297-MLA84542721138_052025-F.jpg'),('MLA39191572','https://http2.mlstatic.com/D_NQ_NP_903760-MLA84840971339_052025-F.jpg');
/*!40000 ALTER TABLE `product_pictures` ENABLE KEYS */;
UNLOCK TABLES;

--
-- Table structure for table `purchase`
--

DROP TABLE IF EXISTS `purchase`;
/*!40101 SET @saved_cs_client     = @@character_set_client */;
/*!50503 SET character_set_client = utf8mb4 */;
CREATE TABLE `purchase` (
  `id` bigint NOT NULL AUTO_INCREMENT,
  `date` datetime(6) DEFAULT NULL,
  `total` double DEFAULT NULL,
  `user_id` bigint DEFAULT NULL,
  PRIMARY KEY (`id`),
  KEY `FKk4cohgpbnk2s72360to676epf` (`user_id`),
  CONSTRAINT `FKk4cohgpbnk2s72360to676epf` FOREIGN KEY (`user_id`) REFERENCES `app_users` (`id`)
) ENGINE=InnoDB AUTO_INCREMENT=22 DEFAULT CHARSET=utf8mb4 COLLATE=utf8mb4_0900_ai_ci;
/*!40101 SET character_set_client = @saved_cs_client */;

--
-- Dumping data for table `purchase`
--

LOCK TABLES `purchase` WRITE;
/*!40000 ALTER TABLE `purchase` DISABLE KEYS */;
INSERT INTO `purchase` VALUES (1,'2025-07-14 15:43:50.000563',2759902.5499,3),(2,'2025-07-14 15:43:50.479603',505908.7974999999,3),(3,'2025-07-14 15:43:51.954263',1150054.2480000001,4),(4,'2025-07-14 15:43:52.335920',3069958.272,4),(5,'2025-07-14 15:43:53.407834',5171105.8224,5),(6,'2025-07-14 15:43:53.478330',1723701.9408,5),(7,'2025-07-14 15:43:53.568362',4309254.852,5),(8,'2025-07-14 15:43:54.573715',3503393.1750000003,6),(9,'2025-07-14 15:43:55.658589',2007354.9049,6),(10,'2025-07-14 15:43:56.107792',247153.65569999997,7),(11,'2025-07-14 15:43:56.904690',1608063.2400000002,8),(12,'2025-07-14 15:43:58.345928',2811057.2779999995,9),(13,'2025-07-14 15:43:58.924017',1608063.2400000002,10),(14,'2025-07-14 15:44:00.048861',1756814.8598999998,11),(15,'2025-07-14 15:44:00.990579',4330079.543,12),(16,'2025-07-14 15:44:02.249702',1677346.4784000001,13),(17,'2025-07-14 15:44:03.731080',3946090.2437000005,14),(18,'2025-07-14 15:44:04.199838',1072042.1600000001,15),(19,'2025-07-14 15:44:05.479955',2186428.9828,16),(20,'2025-07-14 15:44:06.878553',785719.3805999999,18),(21,'2025-07-14 15:44:07.594997',1115628.8036,20);
/*!40000 ALTER TABLE `purchase` ENABLE KEYS */;
UNLOCK TABLES;

--
-- Table structure for table `purchase_item`
--

DROP TABLE IF EXISTS `purchase_item`;
/*!40101 SET @saved_cs_client     = @@character_set_client */;
/*!50503 SET character_set_client = utf8mb4 */;
CREATE TABLE `purchase_item` (
  `id` bigint NOT NULL AUTO_INCREMENT,
  `amount` int DEFAULT NULL,
  `sub_total` double DEFAULT NULL,
  `product_id` varchar(255) DEFAULT NULL,
  `purchase_id` bigint DEFAULT NULL,
  PRIMARY KEY (`id`),
  KEY `FKq69apam78dbi0cggl37ge6auf` (`product_id`),
  KEY `FK1mncc5yaore1sibgpj3jc4a7u` (`purchase_id`),
  CONSTRAINT `FK1mncc5yaore1sibgpj3jc4a7u` FOREIGN KEY (`purchase_id`) REFERENCES `purchase` (`id`),
  CONSTRAINT `FKq69apam78dbi0cggl37ge6auf` FOREIGN KEY (`product_id`) REFERENCES `product` (`id`)
) ENGINE=InnoDB AUTO_INCREMENT=40 DEFAULT CHARSET=utf8mb4 COLLATE=utf8mb4_0900_ai_ci;
/*!40101 SET character_set_client = @saved_cs_client */;

--
-- Dumping data for table `purchase_item`
--

LOCK TABLES `purchase_item` WRITE;
/*!40000 ALTER TABLE `purchase_item` DISABLE KEYS */;
INSERT INTO `purchase_item` VALUES (1,2,977324.134,'MLA46190413',1),(2,2,1041117.4487999999,'MLA22826188',1),(3,3,741460.9670999999,'MLA18968036',1),(4,5,505908.7974999999,'MLA3821718',2),(5,2,473837.8596,'MLA46536597',3),(6,1,676216.3884,'MLA17486628',3),(7,4,3069958.272,'MLA34783002',4),(8,6,5171105.8224,'MLA20730516',5),(9,2,1723701.9408,'MLA20730516',6),(10,5,4309254.852,'MLA20730516',7),(11,3,1608063.2400000002,'MLA45632525',8),(12,2,1895329.935,'MLA45806125',8),(13,2,1571438.7611999998,'MLA22238294',9),(14,1,435916.1437,'MLA7852993',9),(15,1,247153.65569999997,'MLA18968036',10),(16,3,1608063.2400000002,'MLA45632525',11),(17,3,2107545.2414999995,'MLA40919487',12),(18,1,374449.35150000005,'MLA18212679',12),(19,1,329062.685,'MLA48935613',12),(20,3,1608063.2400000002,'MLA45632525',13),(21,2,748898.7030000001,'MLA18212679',14),(22,1,702515.0804999999,'MLA40919487',14),(23,1,305401.07639999996,'MLA45805436',14),(24,3,2972735.2512,'MLA37166229',15),(25,1,863036.9804,'MLA41766335',15),(26,2,494307.31139999995,'MLA18968036',15),(27,1,676216.3884,'MLA17486628',16),(28,1,1001130.0900000001,'MLA26994480',16),(29,1,138517.05240000002,'MLA32629839',17),(30,3,2172208.1073000003,'MLA36453870',17),(31,2,680094.924,'MLA35379110',17),(32,1,955270.1599999999,'MLA22938950',17),(33,2,1072042.1600000001,'MLA45632525',18),(34,1,318161.2978,'MLA19795012',19),(35,2,1868267.685,'MLA21088240',19),(36,1,785719.3805999999,'MLA22238294',20),(37,1,354851.598,'MLA23805985',21),(38,1,124454.61,'MLA39191572',21),(39,2,636322.5956,'MLA19795012',21);
/*!40000 ALTER TABLE `purchase_item` ENABLE KEYS */;
UNLOCK TABLES;

--
-- Table structure for table `question`
--

DROP TABLE IF EXISTS `question`;
/*!40101 SET @saved_cs_client     = @@character_set_client */;
/*!50503 SET character_set_client = utf8mb4 */;
CREATE TABLE `question` (
  `id` bigint NOT NULL AUTO_INCREMENT,
  `created_at` datetime(6) DEFAULT NULL,
  `text` text NOT NULL,
  `product_id` varchar(255) DEFAULT NULL,
  `user_id` bigint NOT NULL,
  PRIMARY KEY (`id`),
  KEY `FKr27h1qc056hx8lc60nvgyhw64` (`product_id`),
  KEY `FKqxuusyjoouhxdkpmfhf6lp87w` (`user_id`),
  CONSTRAINT `FKqxuusyjoouhxdkpmfhf6lp87w` FOREIGN KEY (`user_id`) REFERENCES `app_users` (`id`),
  CONSTRAINT `FKr27h1qc056hx8lc60nvgyhw64` FOREIGN KEY (`product_id`) REFERENCES `product` (`id`)
) ENGINE=InnoDB AUTO_INCREMENT=11 DEFAULT CHARSET=utf8mb4 COLLATE=utf8mb4_0900_ai_ci;
/*!40101 SET character_set_client = @saved_cs_client */;

--
-- Dumping data for table `question`
--

LOCK TABLES `question` WRITE;
/*!40000 ALTER TABLE `question` DISABLE KEYS */;
INSERT INTO `question` VALUES (1,'2025-07-14 15:43:51.230389','Hola, ¿tienen stock de este producto?','MLA46536597',3),(2,'2025-07-14 15:43:52.836674','¿Cuáles son las medidas del producto?','MLA45806125',4),(3,'2025-07-14 15:43:54.704227','¿Realizan envíos a mi ciudad?','MLA17486628',6),(4,'2025-07-14 15:43:56.474138','¿Qué colores hay en existencia?','MLA22448125',7),(5,'2025-07-14 15:43:58.488904','¿El producto viene con garantía?','MLA45806125',9),(6,'2025-07-14 15:44:01.513071','¿Podrían decirme si tienen stock?','MLA15173180',12),(7,'2025-07-14 15:44:04.431587','¿Qué tipo de garantía ofrecen?','MLA7852993',15),(8,'2025-07-14 15:44:05.595705','¿Cuáles son las dimensiones del producto?','MLA45805436',16),(9,'2025-07-14 15:44:06.544979','¿Realizan envíos a mi ciudad?','MLA39191572',17),(10,'2025-07-14 15:44:07.740295','¿Hola, tienen stock de este producto?','MLA22238294',20);
/*!40000 ALTER TABLE `question` ENABLE KEYS */;
UNLOCK TABLES;

--
-- Table structure for table `review`
--

DROP TABLE IF EXISTS `review`;
/*!40101 SET @saved_cs_client     = @@character_set_client */;
/*!50503 SET character_set_client = utf8mb4 */;
CREATE TABLE `review` (
  `id` bigint NOT NULL AUTO_INCREMENT,
  `comment` text,
  `created_at` datetime(6) DEFAULT NULL,
  `rating` int DEFAULT NULL,
  `product_id` varchar(255) DEFAULT NULL,
  `user_id` bigint NOT NULL,
  PRIMARY KEY (`id`),
  KEY `FKiyof1sindb9qiqr9o8npj8klt` (`product_id`),
  KEY `FKtgl4ofjb2rqpwp8flqpfoqn0i` (`user_id`),
  CONSTRAINT `FKiyof1sindb9qiqr9o8npj8klt` FOREIGN KEY (`product_id`) REFERENCES `product` (`id`),
  CONSTRAINT `FKtgl4ofjb2rqpwp8flqpfoqn0i` FOREIGN KEY (`user_id`) REFERENCES `app_users` (`id`),
  CONSTRAINT `review_chk_1` CHECK (((`rating` <= 5) and (`rating` >= 1)))
) ENGINE=InnoDB AUTO_INCREMENT=15 DEFAULT CHARSET=utf8mb4 COLLATE=utf8mb4_0900_ai_ci;
/*!40101 SET character_set_client = @saved_cs_client */;

--
-- Dumping data for table `review`
--

LOCK TABLES `review` WRITE;
/*!40000 ALTER TABLE `review` DISABLE KEYS */;
INSERT INTO `review` VALUES (1,'Producto regular. Tiene cosas buenas y malas.','2025-07-14 15:43:51.406800',3,'MLA46190413',3),(3,'Excelente producto. Superó mis expectativas.','2025-07-14 15:43:54.997340',5,'MLA45806125',6),(4,'Bastante bueno, cumple con su función.','2025-07-14 15:43:55.793078',4,'MLA22238294',6),(5,'Muy buen producto. Satisfecho con la compra.','2025-07-14 15:43:56.619483',4,'MLA18968036',7),(6,'Producto regular. Tiene cosas buenas y malas.','2025-07-14 15:43:56.978228',3,'MLA45632525',8),(7,'Producto regular. Tiene cosas buenas y malas.','2025-07-14 15:43:58.605811',3,'MLA40919487',9),(8,'Producto regular. Tiene cosas buenas y malas.','2025-07-14 15:43:59.452232',3,'MLA45632525',10),(9,'No recomiendo este producto. Muy mala experiencia.','2025-07-14 15:44:00.183126',1,'MLA18212679',11),(10,'Producto regular. Tiene cosas buenas y malas.','2025-07-14 15:44:01.642795',3,'MLA37166229',12),(11,'Muy buen producto. Satisfecho con la compra.','2025-07-14 15:44:03.888683',4,'MLA32629839',14),(12,'Esperaba más, no cumple con lo prometido.','2025-07-14 15:44:04.659806',2,'MLA45632525',15),(13,'Excelente producto. Superó mis expectativas.','2025-07-14 15:44:07.024305',5,'MLA22238294',18),(14,'Muy buen producto. Satisfecho con la compra.','2025-07-14 15:44:07.885046',4,'MLA23805985',20);
/*!40000 ALTER TABLE `review` ENABLE KEYS */;
UNLOCK TABLES;

--
-- Table structure for table `user_favorite_products`
--

DROP TABLE IF EXISTS `user_favorite_products`;
/*!40101 SET @saved_cs_client     = @@character_set_client */;
/*!50503 SET character_set_client = utf8mb4 */;
CREATE TABLE `user_favorite_products` (
  `user_id` bigint NOT NULL,
  `product_id` varchar(255) NOT NULL,
  KEY `FKl6at82xbnnq1w6syj7wn6ydxh` (`product_id`),
  KEY `FKs46uan2v3batb2oyglarxcogm` (`user_id`),
  CONSTRAINT `FKl6at82xbnnq1w6syj7wn6ydxh` FOREIGN KEY (`product_id`) REFERENCES `product` (`id`),
  CONSTRAINT `FKs46uan2v3batb2oyglarxcogm` FOREIGN KEY (`user_id`) REFERENCES `app_users` (`id`)
) ENGINE=InnoDB DEFAULT CHARSET=utf8mb4 COLLATE=utf8mb4_0900_ai_ci;
/*!40101 SET character_set_client = @saved_cs_client */;

--
-- Dumping data for table `user_favorite_products`
--

LOCK TABLES `user_favorite_products` WRITE;
/*!40000 ALTER TABLE `user_favorite_products` DISABLE KEYS */;
INSERT INTO `user_favorite_products` VALUES (3,'MLA36453870'),(4,'MLA34783002'),(5,'MLA43957281'),(10,'MLA10841927'),(12,'MLA17486628'),(13,'MLA22826188'),(15,'MLA32629839'),(15,'MLA18968036'),(16,'MLA23805985'),(19,'MLA21088240');
/*!40000 ALTER TABLE `user_favorite_products` ENABLE KEYS */;
UNLOCK TABLES;
/*!40103 SET TIME_ZONE=@OLD_TIME_ZONE */;

/*!40101 SET SQL_MODE=@OLD_SQL_MODE */;
/*!40014 SET FOREIGN_KEY_CHECKS=@OLD_FOREIGN_KEY_CHECKS */;
/*!40014 SET UNIQUE_CHECKS=@OLD_UNIQUE_CHECKS */;
/*!40101 SET CHARACTER_SET_CLIENT=@OLD_CHARACTER_SET_CLIENT */;
/*!40101 SET CHARACTER_SET_RESULTS=@OLD_CHARACTER_SET_RESULTS */;
/*!40101 SET COLLATION_CONNECTION=@OLD_COLLATION_CONNECTION */;
/*!40111 SET SQL_NOTES=@OLD_SQL_NOTES */;

-- Dump completed on 2025-07-14 15:59:50
