-- MySQL dump 10.13  Distrib 8.0.41, for Win64 (x86_64)
--
-- Host: localhost    Database: segui-tus-compras
-- ------------------------------------------------------
-- Server version	8.0.41

/*!40101 SET @OLD_CHARACTER_SET_CLIENT=@@CHARACTER_SET_CLIENT */;
/*!40101 SET @OLD_CHARACTER_SET_RESULTS=@@CHARACTER_SET_RESULTS */;
/*!40101 SET @OLD_COLLATION_CONNECTION=@@COLLATION_CONNECTION */;
/*!50503 SET NAMES utf8 */;
/*!40103 SET @OLD_TIME_ZONE=@@TIME_ZONE */;
/*!40103 SET TIME_ZONE='+00:00' */;
/*!40014 SET @OLD_UNIQUE_CHECKS=@@UNIQUE_CHECKS, UNIQUE_CHECKS=0 */;
/*!40014 SET @OLD_FOREIGN_KEY_CHECKS=@@FOREIGN_KEY_CHECKS, FOREIGN_KEY_CHECKS=0 */;
/*!40101 SET @OLD_SQL_MODE=@@SQL_MODE, SQL_MODE='NO_AUTO_VALUE_ON_ZERO' */;
/*!40111 SET @OLD_SQL_NOTES=@@SQL_NOTES, SQL_NOTES=0 */;

--
-- Dumping data for table `app_users`
--

LOCK TABLES `app_users` WRITE;
/*!40000 ALTER TABLE `app_users` DISABLE KEYS */;
INSERT INTO `app_users` VALUES (1,'santiago.rugna@email.com','Santiago Maximiliano',_binary '\0','Rugna','$2a$10$RJciHLzJ2U95obW3zvUfJOLv6bSgXPDOzXeCpC1TqKZj55dYWFrO.'),(2,'admin@email.com','Matias',_binary '','Acosta','$2a$10$p.Rd4p9DyGmdwQr2hdrtBeTgceAvUsxrDypTMPhw9lmRUXSVST48i');
/*!40000 ALTER TABLE `app_users` ENABLE KEYS */;
UNLOCK TABLES;

--
-- Dumping data for table `commentary`
--

LOCK TABLES `commentary` WRITE;
/*!40000 ALTER TABLE `commentary` DISABLE KEYS */;
/*!40000 ALTER TABLE `commentary` ENABLE KEYS */;
UNLOCK TABLES;

--
-- Dumping data for table `product`
--

LOCK TABLES `product` WRITE;
/*!40000 ALTER TABLE `product` DISABLE KEYS */;
INSERT INTO `product` VALUES ('MLA14845068','',_binary '\0','Mouse gamer Multilaser Gamer MO269',111762.26710352964,21),('MLA15698869','RAZER DEATHADDER V2 - ERGONOMÍA SIN IGUAL\n\n• El mejor diseño ergonómico de su clase  \n• Switches ópticos para ratón Razer  \n• Sensor óptico Razer Focus+  \n• Cable Razer Speedflex  \n• Memoria integrada avanzada  \n\nEL MEJOR DISEÑO ERGONÓMICO DE SU CLASE  \nHabiendo vendido más de diez millones de Razer DeathAdder, el ratón para juego más celebrado y premiado del mundo se ha ganado su popularidad por su diseño ergonómico sin igual. Se adapta a la perfección al agarre de palma, así como al agarre en garra y agarre con la punta de los dedos.  \nEl Razer DeathAdder V2 mantiene la forma característica a la vez que aligera su peso para un manejo más rápido y mejorado de tu juego. Este diseño optimizado te proporciona mayor comodidad para el juego, indispensable para largas horas de asalto o cuando estás subiendo de rango.  \n\nSWITCH ÓPTICO PARA RATÓN RAZER™  \nLos switches de este ratón ergonómico, que utilizan un haz de infrarrojos para registrar cada clic, se activan con un tiempo de respuesta de 0,2 milisegundos, tiempo líder del mercado. Al no requerir contacto físico, esta activación elimina la necesidad del retraso antirrebotes, lo que te proporciona un control aún más preciso y una ejecución perfecta.  \n\nSENSOR ÓPTICO RAZER FOCUS+  \nNuestro nuevo y mejorado sensor es el líder del mercado con sus 20 000 PPP y una precisión de resolución de un 99,6 %, que garantiza que se registre perfectamente hasta el más mínimo movimiento de tu ratón ergonómico. Equipado con funciones inteligentes, el sensor es ahora todavía más preciso, otorgándote un nivel de precisión con el que podrás acertar esos disparos ganadores.  \n\nCABLE RAZER SPEEDFLEX  \nEl cable del Razer DeathAdder V2 tiene una mayor flexibilidad y está diseñado para producir una resistencia mínima, para que puedas realizar movimientos más rápidos y suaves y lograr un mayor grado de control.  \n\nTACTO INSTINTIVO DE LA RUEDA DE DESPLAZAMIENTO  \nPerfectamente afinado para un desplazamiento preciso, con muescas y menor resistencia, para que pasar de un arma a otra o ejecutar un bunny hopping se convierta en algo natural.  \n\n8 BOTONES PROGRAMABLES  \nEl ratón cuenta con 8 botones programables que puedes configurar por completo a través de Razer Synapse 3, lo que te brinda acceso a las macros y las funciones secundarias para que ejecutes cada acción con facilidad.  \n\nBASE DEL RATÓN COMPUESTA EN UN 100 % DE TEFLÓN  \nDisfruta de un movimiento suave sobre cualquier superficie con una base fabricada con teflón más puro y de mayor calidad, un material que se usa en las sartenes antiadherentes.  \n\nMEMORIA INTEGRADA AVANZADA  \nGuarda y almacena hasta 5 configuraciones de perfiles en la memoria integrada y lleva tus ajustes donde quieras para estar siempre listo para competir con tus controles favoritos.  \n\nESPECIFICACIONES  \n\n• Sensor óptico Focus+ con 20 000 PPP reales  \n• Hasta 650 pulgadas por segundo (IPS)/50 G de aceleración/la mejor precisión de resolución de la industria con un 99,6 %  \n• Switches ópticos para ratón Razer™ con una duración de hasta 70 millones de clics  \n• Diseño ergonómico mejorado con agarres laterales de goma ultraduraderos  \n• Base del ratón grande de teflón 100 % (0,8 mm de grosor)  \n• Rueda de desplazamiento táctil especial para juegos  \n• Ajustes inmediatos de sensibilidad (niveles predeterminados: 400/800/1600/2400/3200)  \n• Almacenamiento híbrido en la nube y memoria integrada (4 perfiles +1)  \n• Iluminación Razer Chroma™ RGB con 16,8 millones de colores reales personalizables  \n• Ocho botones Hyperesponse programables de forma independiente  \n• Personalización avanzada de la distancia de elevación/apoyo  \n• Compatible con Razer Synapse 3  \n• Cable Speedflex de 2,1 m/7 pies  \n• Tamaño aproximado: 127,0 mm (largo) x 61,7 mm (ancho de agarre) x 42,7 mm (alto)  \n• Peso aproximado: 82 grs. (sin el cable)  \n• Compatible con Xbox One para entrada básica',_binary '','Razer DeathAdder V2 Negro RZ0103210100R3U1',546169.9801077548,11),('MLA16403602','',_binary '\0','Mouse gamer gamer Philips SPK9313',84209.75690953532,24),('MLA20032972','',_binary '','Mouse Razer Bungee V2',1147020.5234379773,20),('MLA20201821','Desde 2005 Razer es la marca líder de estilo de vida para jugadores. Ha diseñado y construido el ecosistema de hardware, software y servicios más grande del mundo. La ubicación de cada botón y curva de los mouses Razer se crearon para adaptarse perfectamente a tu mano. Gracias a estos dispositivos, conseguirás una experiencia de juego cómoda y placentera.\n\nAdaptado a tus movimientos\nEl mouse de juego te ofrecerá la posibilidad de marcar la diferencia y sacar ventajas en tus partidas. Su conectividad y sensor suave ayudará a que te desplaces rápido por la pantalla.\n\nLa funcionalidad al alcance de tu mano\nEl sistema de detección de movimiento óptico te permitirá mover el cursor de una manera más precisa y sensible que en los sistemas tradicionales.\n\nApto para fácil traslado\nNavegá rápidamente por documentos y páginas web gracias su diseño ultra delgado, ergonómico, liviano y conveniente para llevar a donde quieras o viajar.',_binary '','Mouse Razer Deathadder Expert Gamer Gaming Mouse',453171.89078938443,7),('MLA20540481','',_binary '','Mouse gamer gamer Gamer Tech GT3 negro',988823.1009925298,30),('MLA20934955','Para trabajar desde casa con la computadora o aprovechar los momentos de ocio, necesitas comodidad y facilidad de movimiento. Con tu Havit MS72 encuentra eso que buscas en un solo aparato con la mejor tecnología.\n\nApto para fácil traslado\nNavega rápidamente por documentos y páginas web gracias su diseño ultra delgado, ergonómico, liviano y conveniente para llevar a donde quieras o viajar.',_binary '\0','Mouse gamer Havit Gamer MS72',1196156.8426457008,23),('MLA22285785','Logitech diseña productos y experiencias que ocupan un lugar cotidiano en la vida de las personas, poniendo foco en la innovación y la calidad. Su objetivo es crear momentos verdaderamente únicos y significativos para sus usuarios. Los mouses Logitech se adaptan a la forma de tu mano para proporcionarte horas de comodidad. Sin necesidad de mover el brazo para deslizar el cursor, tu mano se fatigará menos. Son ideales para cualquier espacio de trabajo y quienes tienen la mesa llena de diversos objetos.\n\nApto para fácil traslado\nNavega rápidamente por documentos y páginas web gracias su diseño ultra delgado, ergonómico, liviano y conveniente para llevar a donde quieras o viajar.',_binary '','Mouse Logitech MOUSE Pebble M350',849115.9310600972,20),('MLA23266382','Logitech diseña productos y experiencias que ocupan un lugar cotidiano en la vida de las personas, poniendo foco en la innovación y la calidad. Su objetivo es crear momentos verdaderamente únicos y significativos para sus usuarios. Los mouses Logitech se adaptan a la forma de tu mano para proporcionarte horas de comodidad. Sin necesidad de mover el brazo para deslizar el cursor, tu mano se fatigará menos. Son ideales para cualquier espacio de trabajo y quienes tienen la mesa llena de diversos objetos.\n\nAdaptado a tus movimientos\nSu diseño eficaz hace de este mouse un elemento cómodo, con una gran experiencia de uso para aquellas personas que buscan seguridad en cada click.\n\nLa funcionalidad al alcance de tu mano\nEl sistema de detección de movimiento óptico te permitirá mover el cursor de una manera más precisa y sensible que en los sistemas tradicionales.\n\nPlug And Play\nSolo debes colocar el receptor en un puerto USB de la computadora y ya puedes empezar a usarlo. No hace falta emparejar el mouse ni descargar software para utilizarlo.\n\nApto para fácil traslado\nNavega rápidamente por documentos y páginas web gracias su diseño ultra delgado, ergonómico, liviano y conveniente para llevar a donde quieras o viajar.',_binary '','Mouse Logitech M325c Inalambrico',255321.44548698084,5),('MLA23695948','Desde 2005, Razer ha sido la marca líder de estilo de vida para jugadores. Ha diseñado y construido el ecosistema de hardware, software y servicios más grande del mundo. La ubicación de cada botón y curva de los ratones Razer se han creado para que se ajusten perfectamente a tu mano. Gracias a estos dispositivos, tendrás una experiencia de juego cómoda y agradable. \n \n Adaptado a tus movimientos \n El ratón para juegos te ofrecerá la posibilidad de marcar la diferencia y sacar provecho de tus juegos. Su conectividad y su suave sensor te ayudarán a moverte rápidamente por la pantalla. \n \n La funcionalidad al alcance de tu mano \n El sistema óptico de detección de movimiento te permitirá mover el cursor con mayor precisión y sensibilidad que los sistemas tradicionales. \n \n Adecuado para un fácil transporte \n Navega rápidamente por documentos y sitios web gracias a su diseño ultrafino, ergonómico, ligero y práctico para llevarlo a donde quieras o de viaje.',_binary '','Ratón Razer Deathadder 2013 4g 6400dpi -',1087874.8686481612,25),('MLA23700789','*******Descripción \n Desde 2005, Razer ha sido la marca líder de estilo de vida para jugadores. Ha diseñado y construido el ecosistema de hardware, software y servicios más grande del mundo. La ubicación de cada botón y curva de los ratones Razer se han creado para que se ajusten perfectamente a tu mano. Gracias a estos dispositivos, tendrás una experiencia de juego cómoda y agradable. \n \n Adaptado a tus movimientos \n Su eficaz diseño lo convierte en un ratón cómodo, con una gran experiencia de usuario para quienes buscan seguridad en cada clic. \n \n La funcionalidad al alcance de tu mano \n El sistema óptico de detección de movimiento te permitirá mover el cursor con mayor precisión y sensibilidad que los sistemas tradicionales. \n \n Adecuado para un fácil transporte \n Navega rápidamente por documentos y sitios web gracias a su diseño ultrafino, ergonómico, ligero y práctico para llevarlo a donde quieras o de viaje. \n \n Especificaciones: \n Formato: correcto \n Conectividad: cable estándar \n Duración de la batería: ninguna \n Iluminación RGB: iluminación verde monocolor \n Sensor: óptico \n Sensibilidad máxima (dpi) :6400 \n Velocidad máxima (ips) :220 \n Aceleración máxima (g) :30 \n Botones programables: 5 \n Tipo de conmutador: mecánico \n Ciclo de vida del conmutador: 10 millones de clics \n Perfiles de memoria integrados: ninguno \n Patas de ratón: patas estándar \n Cable: cable estándar (cable de plástico) \n Longitud del cable: 2,1 m/6,89 pies \n Rueda de desplazamiento inclinable: ninguna \n Tamaño aproximado: longitud: 127,0 mm/5,00 pulgadas \n Ancho: 61,7 mm/2,43 pulgadas: altura: 42,7 mm/1,68 pulgadas \n Peso aproximado: 96 g/0,211 libras \n Compatibilidad con la base: ninguna \n Interruptores mecánicos de ratón Razer con un ciclo de vida de 10 millones de clics \n Desplazamiento táctil tipo rueda de juego \n Ultrapolling 1000 hz \n Iluminación verde monocolor \n Razer synapse 3 (beta) activado \n Tamaño aproximado: 127,0 mm/5,0 pulgadas (largo) x 73,0 mm/2,90 pulgadas (ancho) x 43,0 mm/1,70 pulgadas (altura) \n Peso aproximado (sin cable): 96 g/0,211 libras \n \n Lista de paquetes: \n 1 * razer deathadder Ratón para juegos esencial con cable \n 1 * manual de usuario',_binary '','Ratón Razer Deathadder',929044.2186047565,32),('MLA24044252','Desde 2005 Razer es la marca líder de estilo de vida para jugadores. Ha diseñado y construido el ecosistema de hardware, software y servicios más grande del mundo. La ubicación de cada botón y curva de los mouses Razer se crearon para adaptarse perfectamente a tu mano. Gracias a estos dispositivos, conseguirás una experiencia de juego cómoda y placentera.\n\nLa funcionalidad al alcance de tu mano\nEl sistema de detección de movimiento óptico te permitirá mover el cursor de una manera más precisa y sensible que en los sistemas tradicionales.\n\nPlug And Play\nSolo debes colocar el receptor en un puerto USB de la computadora y ya puedes empezar a usarlo. No hace falta emparejar el mouse ni descargar software para utilizarlo.\n\nApto para fácil traslado\nNavega rápidamente por documentos y páginas web gracias su diseño ultra delgado, ergonómico, liviano y conveniente para llevar a donde quieras o viajar.',_binary '','Mouse Razer Deathadder V3 Ergonomico Color Negro',1155656.2064595667,30),('MLA24613072','Logitech diseña productos y experiencias que ocupan un lugar cotidiano en la vida de las personas, poniendo foco en la innovación y la calidad. Su objetivo es crear momentos verdaderamente únicos y significativos para sus usuarios. Los mouses Logitech se adaptan a la forma de tu mano para proporcionarte horas de comodidad. Sin necesidad de mover el brazo para deslizar el cursor, tu mano se fatigará menos. Son ideales para cualquier espacio de trabajo y quienes tienen la mesa llena de diversos objetos.\n\nApto para fácil traslado\nNavega rápidamente por documentos y páginas web gracias su diseño ultra delgado, ergonómico, liviano y conveniente para llevar a donde quieras o viajar.',_binary '\0','Mouse Logitech MOUSE peble m350 M350',281679.3454536059,15),('MLA24671004','Para trabajar desde casa con el ordenador o disfrutar del tiempo libre, necesita comodidad y facilidad de movimiento. Con tu extraordinario ratón gamer pro de A.R Variedades Mt Mouse encontrarás lo que buscas en un único dispositivo con la mejor tecnología. \n \n La funcionalidad al alcance de tu mano \n El sistema óptico de detección de movimiento te permitirá mover el cursor de una manera más precisa y sensible que los sistemas tradicionales. \n \n Adecuado para un fácil transporte \n Navega rápidamente por documentos y sitios web gracias a su diseño ultrafino, ergonómico, ligero y práctico para llevarlo a donde quieras o de viaje.',_binary '','Mouse Gamer Pro Mouse Extraordinario',393282.5251081246,12),('MLA25564493','Para trabajar desde casa con el ordenador o disfrutar del tiempo libre, necesita comodidad y facilidad de movimiento. Con tu A.R Variedades Mt Mouse gamer pro mouse gamer rgb dpi 7 botones usb encuentra lo que buscas en un solo dispositivo con la mejor tecnología. \n \n La funcionalidad al alcance de tu mano \n El sistema óptico de detección de movimiento te permitirá mover el cursor de una manera más precisa y sensible que los sistemas tradicionales. \n \n Adecuado para un fácil transporte \n Navega rápidamente por documentos y sitios web gracias a su diseño ultrafino, ergonómico, ligero y práctico para llevarlo a donde quieras o de viaje.',_binary '','Mouse Gamer Pro Mouse Gamer Rgb Dpi 7 Botes USB',280844.1677964138,16),('MLA26580853','El Mouse Razer Gamer Cobra Rgb Color Negro es el complemento perfecto para los amantes de los videojuegos. Con su diseño ergonómico y orientación para diestros, este mouse ofrece una experiencia de juego cómoda y precisa. Con su sensor óptico de 8500 dpi y una velocidad máxima de 300 ips, podrás disfrutar de movimientos rápidos y precisos en tus partidas. Además, cuenta con 6 botones programables que te permiten personalizar tus acciones y adaptar el mouse a tu estilo de juego. Compatible con sistemas operativos Windows, este mouse es ideal para cualquier gamer que busque mejorar su rendimiento. ¡No pierdas la oportunidad de llevar tu experiencia de juego al siguiente nivel con el Mouse Razer Gamer Cobra Rgb Color Negro!',_binary '','Mouse Razer Gamer Cobra Rgb Color Negro',289249.819448814,29),('MLA26801041','El Cable USB para Ratón Razer Deathadder es el accesorio perfecto para potenciar tu experiencia de juego. Con su diseño de alta calidad y su conexión por cable, garantiza una conexión estable y sin retrasos, permitiéndote disfrutar al máximo de tus partidas. Su color negro elegante y su marca genérica aseguran una combinación perfecta con cualquier estilo de escritorio. Además, su modelo 4330128571 y su MPN 4330128571 garantizan su compatibilidad con una amplia gama de ratones. No pierdas más tiempo buscando cables que no cumplen tus expectativas, el Cable USB para Ratón Razer Deathadder es la elección ideal para los gamers más exigentes.',_binary '\0','Cable Usb Para Raton Razer Deathadder',601865.6570298548,20),('MLA26994480','Optimiza tus tareas de limpieza con esta hidrolavadora TRENT, combinando potencia y seguridad en un diseño eficiente.\n\nCARACTERÍSTICAS:\n\n• Potencia: 1400W.\n• Presión máxima: 1600 psi - 110 bar.\n• Caudal máximo: 6.5 L/min.\n• Rendimiento de limpieza de 20 a 40 m2/h.\n• Tecnología AutoStop para mayor seguridad y eficiencia.\n• Motor: Tres Pistones de acero inoxidable.\n• Temperatura máxima agua entrante: 50° C.\n• Nivel de ruido: 92 dB(A).\n• Alimentación: 220V ~ 50 Hz\n• Clase de protección: IPX5\n• Protección eléctrica Clase II (doble aislamiento) y certificación por el organismo LENOR.\n\nINCLUYE:\n\n• Pistola de alta presión con Lanza ajustable.\n• Botella de detergente.\n• Manguera de alta presión de 5 metros.\n• Cable de conexión de 5 metros.\n• Soportes.\n• Filtro de entrada.\n• Pin limpiador de boquilla.\n• Conector rápido de Manguera estándar 1/2¨pulgada\" hacia la Hidrolavadora (No incluye conector de manguera a grifo)\n\nNota: El producto no incluye manguera de entrada de agua, depósito interno de agua ni detergente. La lanza no es telescópica y el producto no es sumergible en agua, se debe utilizar solo con agua corriente de grifo.\n\n¡Transforma tu limpieza hoy!',_binary '','Hidrolavadora Electrica Trent HLT203 1400W Alta presion 1600 Psi 110 Bar con Accesorios',910480.7969500392,31),('MLA27147200','*** CARACTERÍSTICAS DEL PRODUCTO ***\n\nMARCA: Razer\nMODELO: COBRA\n\nRAZER COBRA\nPERFECCIONADO PARA JUGAR\nRompe la marca de la precisión y la inmersión con el Razer Cobra, un ratón gaming ligero con cable y con tecnología Razer Chroma RGB. Equipado con switches ultraduraderos y una iluminación Chroma con retroiluminación personalizable, alucinarás con el increíble rendimiento que ofrece un ratón tan pequeño.\n\nDISEÑO LIGERO DE 58 G\nDeslizamientos rápidos y control cómodo\nGracias a su diseño ligero apto para la mayoría de los estilos de agarre, el Razer Cobra no solo permite un control rápido y preciso, sino que resulta supercómodo de usar incluso durante horas y horas de juego.\n\nILUMINACIÓN CHROMA CON ILUMINACIÓN INFERIOR PERSONALIZABLE\nCon tecnología Razer Chroma™ RGB\nPersonaliza el Razer Cobra con cerca de 16,8 millones de colores e innumerables efectos de iluminación. Experimenta una mayor inmersión con un ratón gaming RGB que reacciona dinámicamente con cientos de juegos con Chroma integrado.\n\nDISEÑADO PARA RENDIR\n* SWITCHES\nSWITCHES ÓPTICOS PARA RATÓN RAZER™ DE 3ª GENERACIÓN\nDurabilidad y velocidad inigualables\nCon un ciclo de vida mejorado de 90 millones de clics sin problemas de doble clic, además de un funcionamiento vertiginoso de 0,2 ms sin desactivación de rebote, disfruta de una fiabilidad y velocidad que superan a todas las demás.\n\nSENSOR\nAJUSTES PRECISOS DEL SENSOR\nGracias al sensor óptico Razer™ de 8500 PPP\nAjusta la sensibilidad del Razer Cobra con ajustes precisos a intervalos de 50 PPP. Consigue la configuración perfecta que se ajuste de verdad a tu estilo de juego.\n\nCABLE SPEEDFLEX\nRAZER™ CABLE SPEEDFLEX\nMovimiento suave y fluido del ratón\nEl cable del Razer Cobra tiene una mayor flexibilidad y está diseñado para producir una resistencia mínima, de manera que puedas realizar movimientos más rápidos y fluidos, y lograr así un mayor control.\n\nFUNCIONES MÁS AVANZADAS\n100% PTFE BASE DEL RATÓN\nFabricada con el PTFE más puro y de mejor calidad, la base de ratón del Razer Cobra de la parte frontal, trasera y el anillo del sensor le permite deslizarse de forma fluida por cualquier superficie.\n\nPERFIL DE MEMORIA INTEGRADO\nPrepárate para jugar en cualquier lugar con acceso a tu último perfil Razer Synapse utilizado, incluidos los ajustes de PPP personalizados, la configuración de los botones y mucho más.\n\nESPECIFICACIONES TÉCNICAS\nFACTOR DE FORMA: Simétrico para diestros\nCONECTIVIDAD: Con cable - Cable Razer™ Speedflex\nDURACIÓN DE LA BATERÍA: Ninguna\nILUMINACIÓN RGB: Razer Chroma™ RGB\nSENSOR: Optischer Sensor mit 8500 DPI\nSENSIBILIDAD MÁXIMA (PPP): 8500\nVELOCIDAD MÁXIMA (IPS): 300\nACELERACIÓN MÁXIMA (G): 35\nBOTONES PROGRAMABLES: 6\nTIPO DE SWITCH: Switches ópticos para ratón de 3.ª generación\nCICLO DE VIDA DEL SWITCH: 90 millones de clicks\nMEMORIA INTEGRATO: 1\nBASE DEL RATÓN: 100% PTFE\nCABLE: Cable Razer™ Speedflex\nRUEDA INCLINABLE: Ninguna\nDIMENSIONES:\n- Largo: 119,6 mm\n- Ancho: 62,5 mm\n- Alto: 38,1 mm\nPESO APROXIMADO: 58 gramos (sin incluir el cable)\nCOMPATIBILIDAD DE PUERTO: Ninguna\nBOX CONTENTS:\n- Razer Cobra\n- Guía de información importante del producto',_binary '','Mouse Razer Cobra Lightweight Chroma Rgb',1034505.0827885801,12),('MLA27831183','Skates Feet Skatez Foot para Razer DeathAdder Mouse \n \n Reduce la fricción entre el ratón y la alfombrilla provocada por el movimiento, proporcionando la sensación de un ratón recién comprado. \n \n Compatible con: \n \n Razer Deathadder \n Razer Deathadder 2012 \n Razer Deathadder 2013 \n Razer Deathadder 3.5G \n Razer Deathadder Chroma \n \n Juego de 3 piezas en la parte superior, inferior y central. \n \n Nota: Quita las patas viejas del ratón con cuidado. Limpia el lugar. Evite tocarlas antes de pegarlas, para no dejar marcas de sudor o manchas de aceite en las nuevas patas de ratón. Pega los patines con firmeza en el lugar correspondiente. Presiona los patines durante unos 30 segundos para asegurar la fijación.',_binary '\0','Patines Feet Foot para Razer Deathadder',967754.498664988,30),('MLA28158726','La pieza Scroll Razer Deathadder 2013 Color Black es una pieza de repuesto perfecta para tu ratón Razer DeathAdder. Esta pieza es compatible con los modelos Razer Deathadder, Razer Deathadder Chroma y Razer Deathadder 3.5g de 2013. \n \n Fabricada por Casa do Periferico, una marca conocida por su calidad y durabilidad, esta pieza es la solución ideal para mantener tu ratón Razer en perfectas condiciones. El color negro de la pieza combina perfectamente con el diseño elegante y sofisticado de los ratones Razer DeathAdder. \n \n Este Scroll cuenta con un sensor Razer, reconocido por su precisión y velocidad, que mejorará tu experiencia de juego o laboral. Además, la pieza viene con una rueda de desplazamiento, lo que permite una navegación fluida y eficiente. \n \n A pesar de no tener Bluetooth, esta pieza es fácil de instalar gracias a su diseño cableado. Así que no te preocupes si tu ratón Razer DeathAdder deja de funcionar, con la parte Razer Deathadder Scroll 2013 Color Black, podrás volver a utilizar tu ratón como si fuera nuevo.',_binary '','Razer Deathadder Scroll Part 2013, color negro',250884.31318780078,4),('MLA28174098','Skates Feet Skatez Foot para Razer DeathAdder v2 Mouse \n \n Reduce la fricción entre el ratón y la alfombrilla provocada por el movimiento, proporcionando la sensación de un ratón recién comprado. \n \n Juego de 3 piezas: parte superior, inferior y central. \n \n Nota: Quita la pata del ratón viejo con cuidado. Limpia la zona. Evite tocarlas antes de pegarlas, para no dejar marcas de sudor o manchas de aceite en la nueva pata del ratón. Coloque las patas del ratón firmemente en el lugar correspondiente. Presione los pies del ratón durante unos 30 segundos para garantizar la fijación.',_binary '\0','Pie para ratón Razer Deathadder V2',77183.46600687428,16),('MLA34226398','Desde 2005 Razer es la marca líder de estilo de vida para jugadores. Ha diseñado y construido el ecosistema de hardware, software y servicios más grande del mundo. La ubicación de cada botón y curva de los mouses Razer se crearon para adaptarse perfectamente a tu mano. Gracias a estos dispositivos, conseguirás una experiencia de juego cómoda y placentera.\n\nApto para fácil traslado\nNavega rápidamente por documentos y páginas web gracias su diseño ultra delgado, ergonómico, liviano y conveniente para llevar a donde quieras o viajar.',_binary '','Mouse Razer Dock Pro Rgb Color Negro',137026.14696317178,11),('MLA34239468','Desde 2005, Razer ha sido la marca líder de estilo de vida para jugadores. Ha diseñado y construido el ecosistema de hardware, software y servicios más grande del mundo. La ubicación de cada botón y curva de los ratones Razer se han creado para que se ajusten perfectamente a tu mano. Gracias a estos dispositivos, tendrás una experiencia de juego cómoda y agradable. \n \n Adecuado para un fácil transporte \n Navega rápidamente por documentos y sitios web gracias a su diseño ultrafino, ergonómico, ligero y cómodo para llevarlo a donde quieras o de viaje.',_binary '','Ratón Razer Deathadder V3 Deathadder V3 Negro',228333.67588867288,8),('MLA36037221','',_binary '','Base Carga Mouse Razer Con Razer G Pro X Superlight Ratones',910929.8741009361,24),('MLA36258543','Mouse Logitech  \n\nLogitech M190 es un mouse inalámbrico de gran tamaño con un contorno que sigue la curva natural de las manos medianas y grandes. Comodidad durante todo el día gracias al soporte arqueado de la palma y al botón especial para una colocación ideal de los dedos.\n\nTrabajará de forma inalámbrica y se moverá libremente, desde una distancia de hasta 10 metros*, prácticamente sin retrasos ni interrupciones. Sin cables que no hay desorden en su escritorio. La duración de la batería es de 18 meses* y cuenta con un modo de ahorro de energía que se activa automáticamente cuando no está usando el mouse.\n\nObtendrá una gran calidad con seguimiento de precisión y desplazamiento línea por línea a un precio asequible.\n\n*El alcance inalámbrico y la duración de la batería pueden variar según el usuario, las condiciones ambientales y de computación.\n\n• COMODIDAD DE GRAN TAMAÑO: comodidad óptima para cualquier mano con una forma contorneada para seguir la curva natural de las manos grandes. Los botones en forma de pala guían los dedos a una ubicación ideal.\n• CONEXIÓN INALÁMBRICA SIN LAG: trabaje de forma inalámbrica y muévase libremente, desde una distancia de hasta 10 metros, prácticamente sin demoras ni interrupciones. Sin cables que no hay desorden en su escritorio y es fácil de transportar.\n• CALIDAD SIN COMPROMISOS: obtenga una gran calidad con seguimiento de precisión y desplazamiento preciso línea por línea a un precio asequible. Más fácil sin molestos clics perdidos.\n• CONSTRUIDO PARA DURAR: calidad duradera y confiable del líder mundial en mouse y teclados. Un mouse de computadora de todos los días en el que puede confiar durante más tiempo.\n• DURACIÓN DE LA BATERÍA DE 18 MESES: disfrute de meses de uso sin preocupaciones. El modo de ahorro de energía se activa automáticamente cuando no está usando el mouse. Batería AA incluida.\n\nColor: gris medio.   \nMarca: Logitech  \nDimensiones: 0.18 x 0.11 x 0.09 mts.  \nPeso del Producto: 0.14 Kilogramos.  \nPeso de Envío: 0.14 Kilogramos.  \nModelo:  \nRef: B087Z6P16M',_binary '','Mouse Logitech Inalambrico/gris',850348.3499395899,23),('MLA36496502','Logitech diseña productos y experiencias que ocupan un lugar cotidiano en la vida de las personas, centrándose en la innovación y la calidad. Su objetivo es crear momentos verdaderamente únicos y significativos para sus usuarios. Los ratones Logitech se adaptan a la forma de la mano para proporcionarte horas de comodidad. Sin tener que mover el brazo para deslizar el cursor, la mano se cansará menos. Son ideales para cualquier espacio de trabajo y para aquellos cuyo escritorio está lleno de diversos objetos. \n \n Adecuado para un fácil transporte \n Navega rápidamente por documentos y sitios web gracias a su diseño ultrafino, ergonómico, ligero y práctico para llevarlo a donde quieras o de viaje.',_binary '','Mouse Logitech M90 Usb',1089219.0649750605,11),('MLA36546336','BT.L Agarre mouse Logitech G305, Logitech G203 y Logitech PRO Gaming (negro plátano)   \n\n•  Cortado para adaptarse a Logitech G305, Logitech G203, Logitech PRO GAMING  \n•  5 piezas de cinta de agarre (botones principales 1-2, lados izquierdo-derecho, lado trasero)  \n•  Diseño delgado con un espesor de sólo 0,5 mm (0,019 pulgadas)  \n•  Material polimérico cómodo y antideslizante de alta calidad  \n•  Adhesivo FÁCIL DE 3M fuerte y duradero, seguro para su mouse  \n\nColor:  Plátano negro.     \n  \nMarca: BT.L  \nDimensiones: 0.12 x 0.12 x 0.01 mts.  \nPeso del Producto: 0.01 Kilogramos.  \nPeso de Envío: 0.01 Kilogramos.  \nModelo: BMGLG305   \n  \nRef: B0BQX55XRC',_binary '\0','Bt.l Agarre Mouse Logitech G305, Logitech G203 Y Logitech',507148.7987844464,32),('MLA36553131','Mouse Logitech M305  \n\nLogitech Wireless Mouse M305 ofrece una comodidad excepcional y conveniencia inalámbrica con su empuñadura de goma ergonómicamente suave y el Nano-receptor Plug-and-Forget.  \n\n• Logitech Wireless Laser Mouse M305 Características generales: Color plateado y negro Inalámbrico  \n• Tecnología óptica Cómoda, ergonómica Rueda de desplazamiento de 3 botones Contorneada  \n• Empuñaduras laterales suaves Incluye un transceptor Logitech Nano Funciona con una batería AA (no incluida)  \n• Hasta dos años de duración de la batería Dimensiones de la unidad: 1,5 x 2,4 x 4,5 pulgadas (alto x ancho x profundidad)  \n• Color: plata.  \n• Marca: Logitech  \n• Dimensiones: 0.21 x 0.14 x 0.06 mts.  \n• Peso del Producto: 0.14 Kilogramos.  \n• Peso de Envio: 0.14 Kilogramos.  \n• Modelo:  \n• Ref: B002Y6CJJ8',_binary '\0','Mouse Logitech B002y6cjj8 Plata.',415863.0226665514,9),('MLA36612441','Cinta antideslizante para mouse Razer Viper Ultimate, mouse inalámbrico para juegos más liviano   \n\nApto para el ratón inalámbrico para juegos Razer Viper Ultimate más ligero y el ratón para juegos con cable ambidiestro ultraligero Razer Viper SOLAMENTE   \n\n• Viene con 1 juego   \n\nColor: Para Viper inalámbrico y cableado.     \n\nMarca: PZZIFA  \nDimensiones: 0.12 x 0.11 x 0.01 mts.  \nPeso del Producto: 0.02 Kilogramos.  \nPeso de Envío: 0.02 Kilogramos.  \nModelo: viper-anti   \n\nRef: B08CC5FBZX',_binary '\0','Cinta Antideslizante Mouse Razer Viper Ultimate, Mouse Más',1111136.9041319415,15),('MLA39321074','Desde 2005 Razer es la marca líder de estilo de vida para jugadores. Ha diseñado y construido el ecosistema de hardware, software y servicios más grande del mundo. La ubicación de cada botón y curva de los mouses Razer se crearon para adaptarse perfectamente a tu mano. Gracias a estos dispositivos, conseguirás una experiencia de juego cómoda y placentera.\n\nLa funcionalidad al alcance de tu mano\nEl sistema de detección de movimiento óptico te permitirá mover el cursor de una manera más precisa y sensible que en los sistemas tradicionales.\n\nApto para fácil traslado\nNavega rápidamente por documentos y páginas web gracias su diseño ultra delgado, ergonómico, liviano y conveniente para llevar a donde quieras o viajar.',_binary '','Mouse Razer Abyssus Lite + Mouse Pad Goliathus Mobile Color Negro',518258.45181938336,3),('MLA44791042','',_binary '\0','Mouse Gamer Weibo Mouse Gamer M39 Negro',909011.9685573902,22),('MLA45401917','',_binary '','Mouse Razer Basilisk V3 X Negro',905296.4516813721,16),('MLA45508836','MOUSE LOGITECH M196 INALAMBRICO BLACK\n\nInalámbrico, cómodo, fácil\n\nTe presentamos M196, el confiable mouse Bluetooth que libera tu espacio de trabajo, se conecta en segundos y está fabricado con plástico reciclado duradero. El diseño compacto y contorneado y la duración de las baterías de 12 meses, para que puedas concentrarte en lo que haces mejor.\n\nEMPAREJAMIENTO EN SEGUNDOS CON BLUETOOTH  \nEl M196 se conecta en cuestión de segundos con una confiable conexión Bluetooth de emparejamiento y uso, sin necesidad de llaves ni puertos.\n\nFORMA CÓMODA, DISEÑO COMPACTO  \nLa forma cómoda y móvil del mouse es lo suficientemente pequeña como para llevarla en una bolsa, y el diseño ambidiestro guía a cualquier tipo de mano hasta una posición natural.\n\nFABRICADO CON PLÁSTICO RECICLADO.  \nHECHO PARA DURAR.  \nLas piezas de plástico del mouse M196 incluyen plástico reciclado posconsumo con certificación. (67% para grafito y 66% para blanco crudo y rosado).\n\nNAVEGACIÓN SENCILLA, CONTROL PRECISO  \nGracias al desplazamiento controlado línea a línea y al seguimiento óptico, el mouse M196 ofrece un control del cursor fluido y preciso en casi cualquier superficie.\n\nCALIDAD EN LA QUE PUEDES CONFIAR  \n12 meses de duración de baterías y la suspensión automática te ayudan a pasar más tiempo entre cambios de baterías AA.\n\nESPECIFICACIONES\n\nAltura: 100 mm  \nAnchura: 60 mm  \nProfundidad: 38 mm  \nPeso (con baterías): 76 g  \nTecnología de sensor  \nSeguimiento óptico uniforme: 1000 DPI  \nDesplazamiento línea por línea  \nRueda de desplazamiento: 2D, mecánico  \nDetalles de batería  \nDuración de baterías: 12 meses  \nTipo de conexión: Tecnología Bluetooth Low Energy  \nRadio de acción inalámbrico: 10 m  \nConexión/Alimentación: interruptor de ENCENDIDO/APAGADO, modo de emparejamiento con pulsación larga  \nDispositivos compatibles  \nWindows 10, 11 o posteriores  \nmacOS 11 o posteriores  \nEn la caja  \nMouse  \nUna batería AA (preinstalada)  \nDocumentación del usuario',_binary '','Mouse Logitech M196 grafito',524720.0452871034,32),('MLA45902920','El mouse M280 te permite afrontar los desafíos del día con un nuevo grado de comodidad. El agarre curvo y estampado se adapta de forma natural a la mano mientras hace el seguimiento y se desplaza con excelente precisión. La batería de larga duración, la amplia compatibilidad y la sólida conexión inalámbrica aseguran una alta confiabilidad y facilidad de uso.',_binary '','Mouse Logitech M280 Wireless Mouse Gris',764262.6047511813,13),('MLA46344370','Este componente electrónico procesa la información que llega al dispositivo y los transforma en imágenes o videos para mostrarla visualmente. Es ideal para trabajar con aplicaciones gráficas ya que permite obtener imágenes más nítidas.\n\nNvidia es el fabricante líder de placas de video; su calidad asegura una experiencia positiva en el desarrollo del motor gráfico de tu computadora. Además, sus procesadores usan tecnología de punta para que puedas disfrutar de un producto veloz y duradero.',_binary '','Vga Asus Geforce Nvidia Rog Astral Rtx 5090 32gb Gddr7 Oc',980491.5546995475,0),('MLA46652763','Este componente electrónico procesa la información que llega al dispositivo y la transforma en imágenes o vídeos para mostrarlos visualmente. Es ideal para trabajar con aplicaciones gráficas, ya que permite obtener imágenes más nítidas. \n \n Nvidia es el fabricante líder de tarjetas de video, su calidad garantiza una experiencia positiva al desarrollar el motor gráfico de su computadora. Además, sus procesadores utilizan tecnología de vanguardia para que puedas disfrutar de un producto rápido y duradero.',_binary '','Tarjeta de vídeo Gainward Geforce Rtx 5090 Phantom Gs 32gb',122309.64085444338,32),('MLA47222658','Producto : Placa De Video GeForce RTX 5090 32Gb Msi Gaming Trio Oc\n\n¯¯¯¯¯¯¯¯¯¯¯¯¯¯¯¯¯¯¯¯¯¯¯¯¯¯¯¯¯¯¯¯¯¯¯¯¯¯¯¯¯¯¯¯¯\nEspecificaciones técnicas:\n- Marca : MSI\n- Modelo : GeForce RTX 5090 32G GAMING TRIO OC\n- P/N : G5090-32GTC\n- UPC : 824142403266\n- EAN : 4711377302456\n- Chipset : NVIDIA GeForce RTX 5090\n- Coolers : 3\n- Pci Express : PCI Express Gen 5\n- DirectX : 12 Ultimate\n- OpenGl : 4.6\n- Memoria : 32GB GDDR7\n- Bits : 512-bit\n- CUDA Cores : 21760 Units\n- Core Clock : Extreme Performance 2497 MHz (MSI Center), Boost 2482 MHz (GAMING & SILENT Mode)\n- Mem Clock : 28 Gbps\n- Alimen. Suple : 16-pin x 1\n- Fuente optima : 1000 W\n- Vga : No\n- Dvi : No\n- Hdmi : 1x HDMI 2.1b (hasta 4K 480Hz o 8K 120Hz con DSC, Gaming VRR, HDR)\n- Display Port : 3x DisplayPort 2.1b\n- Máximos displays soportados : 4\n- Perfil Bajo : No\n- Backplate : Si\n- Dimensiones : 359 x 149 x 70 mm\n- Iluminacion : Si',_binary '\0','Placa De Video GeForce RTX 5090 32Gb Msi Gaming Trio Oc',194474.18435989408,17),('MLA47513767','Este componente electrónico procesa la información que llega al dispositivo y los transforma en imágenes o videos para mostrarla visualmente. Es ideal para trabajar con aplicaciones gráficas ya que permite obtener imágenes más nítidas.\n\nNvidia es el fabricante líder de placas de video; su calidad asegura una experiencia positiva en el desarrollo del motor gráfico de tu computadora. Además, sus procesadores usan tecnología de punta para que puedas disfrutar de un producto veloz y duradero.',_binary '','Vga Gigabyte Aorus Geforce Rtx 5090 Master Ice 32gb Oc Gddr7',1002766.8583401062,21),('MLA47801039','Este componente electrónico procesa la información que llega al dispositivo y los transforma en imágenes o videos para mostrarla visualmente. Es ideal para trabajar con aplicaciones gráficas ya que permite obtener imágenes más nítidas.\n\nNvidia es el fabricante líder de placas de video; su calidad asegura una experiencia positiva en el desarrollo del motor gráfico de tu computadora. Además, sus procesadores usan tecnología de punta para que puedas disfrutar de un producto veloz y duradero.',_binary '\0','Zotac Gaming Geforce Rtx 5090 Solid Oc 32gb 512 Bit Gddr7',976976.618182289,0),('MLA48690693','Este componente electrónico procesa la información que llega al dispositivo y los transforma en imágenes o videos para mostrarla visualmente. Es ideal para trabajar con aplicaciones gráficas ya que permite obtener imágenes más nítidas.\n\nNvidia es el fabricante líder de placas de video; su calidad asegura una experiencia positiva en el desarrollo del motor gráfico de tu computadora. Además, sus procesadores usan tecnología de punta para que puedas disfrutar de un producto veloz y duradero.\n\nCARACTERISTICAS:\n\nProcesador grafico\nGeForce RTX 5090\n\nVelocidad Reloj \n2407Mhz\n\nCUDA Cores\n21760\n\nMemoria de Reloj\n28Gbps\n\nCapacidad\n32Gb\n\nTipo\nGDDR7\n\nBus de memoria\n512Bit\n\nBus de expansion\nPCIe 5.0\n\nResolucion maxima\n7680x4320\n\nDimension\n342x152x70 mm\n\nFormato\nATX\n\nDirectX\nDirectX 12 API\n\nOpenGL\n4.6\n\nConsumo\n1000w\n\nConectores\n16 Pins\n\nSalidas\nHDMI x1\nDisplay Port x3',_binary '\0','Placa De Video Gigabyte Gforce Rtx 5090 Gaming Oc 32gb Gddr7',844524.2432897025,28),('MLA49520561','',_binary '','Mouse gamer gamer Ultra MOUSE + PADMOUSE negro',734244.2454090089,4),('MLA49651770','',_binary '\0','Mouse gamer gamer TYSHEN Gamer 1520450 - negro',1085739.8501819042,13),('MLA50005295','Este componente electrónico procesa la información que llega al dispositivo y los transforma en imágenes o videos para mostrarla visualmente. Es ideal para trabajar con aplicaciones gráficas ya que permite obtener imágenes más nítidas.\n\nNvidia es el fabricante líder de placas de video; su calidad asegura una experiencia positiva en el desarrollo del motor gráfico de tu computadora. Además, sus procesadores usan tecnología de punta para que puedas disfrutar de un producto veloz y duradero.',_binary '\0','Tarjeta De Video Asus Rog Astral Rtx 5090 32gb Gddr7 Oc',673287.5886693159,24),('MLA50419113','Razer DeathAdder Essential - Blanco.\n\nSensor óptico de alta precisión de 6,400 DPI: Ofrece ajuste de sensibilidad sobre la marcha a través de botones dedicados DPI (reprogramables) para juegos y trabajo creativo.\n\nRueda de desplazamiento estriada y gomosa para máxima precisión: Pequeños bultos táctiles aumentan el agarre y permiten un desplazamiento más controlado en situaciones de juego de alto riesgo.\n\n5 botones programables: Permite la reasignación de botones y la asignación de funciones macro complejas a través de Razer Synapse.\n\nRazer DeathAdder Essential - Blanco - Mouse de juego esencial con sensor óptico de 6,400 DPI.',_binary '\0','Razer Deathadder Essential Blanco',955436.1469232437,26),('MLA50972670','Este componente electrónico procesa la información que llega al dispositivo y los transforma en imágenes o videos para mostrarla visualmente. Es ideal para trabajar con aplicaciones gráficas ya que permite obtener imágenes más nítidas.\n\nNvidia es el fabricante líder de placas de video; su calidad asegura una experiencia positiva en el desarrollo del motor gráfico de tu computadora. Además, sus procesadores usan tecnología de punta para que puedas disfrutar de un producto veloz y duradero.\n\nCalidad de imagen\nCriterio fundamental a la hora de elegir una placa de video, su resolución de 8K no te defraudará. La decodificación de los píxeles en tu pantalla te harán ver hasta los detalles más ínfimos en cada ilustración. ',_binary '\0','Tarjeta De Vídeo Inno3d Geforce Rtx 5090 X3 Oc 32gb',702262.4531858631,12),('MLA51056239','Este componente electrónico procesa la información que llega al dispositivo y los transforma en imágenes o videos para mostrarla visualmente. Es ideal para trabajar con aplicaciones gráficas ya que permite obtener imágenes más nítidas.\n\nNvidia es el fabricante líder de placas de video; su calidad asegura una experiencia positiva en el desarrollo del motor gráfico de tu computadora. Además, sus procesadores usan tecnología de punta para que puedas disfrutar de un producto veloz y duradero.',_binary '','Placa De Video Nvidia Asus Tuf Rtx 5090 Oc 32gb Gddr7',686924.2590163172,33),('MLA51239787','Este componente electrónico procesa la información que llega al dispositivo y los transforma en imágenes o videos para mostrarla visualmente. Es ideal para trabajar con aplicaciones gráficas ya que permite obtener imágenes más nítidas.\n\nNvidia es el fabricante líder de placas de video; su calidad asegura una experiencia positiva en el desarrollo del motor gráfico de tu computadora. Además, sus procesadores usan tecnología de punta para que puedas disfrutar de un producto veloz y duradero.\n\nCalidad de imagen\nCriterio fundamental a la hora de elegir una placa de video, su resolución de 8K no te defraudará. La decodificación de los píxeles en tu pantalla te harán ver hasta los detalles más ínfimos en cada ilustración. ',_binary '','Tarjeta De Vídeo Inno3d Geforce Rtx 5090 X3 32gb',702155.1364874966,10),('MLA6081364','',_binary '\0','Mouse Logitech M560',173582.32091275312,33),('MLA6504816','',_binary '','Mouse gamer KolkeDragon Series Gamer mouse + mouse pad KGK-099',497602.7594197411,7);
/*!40000 ALTER TABLE `product` ENABLE KEYS */;
UNLOCK TABLES;

--
-- Dumping data for table `product_attribute`
--

LOCK TABLES `product_attribute` WRITE;
/*!40000 ALTER TABLE `product_attribute` DISABLE KEYS */;
INSERT INTO `product_attribute` VALUES ('ACCESSORIES_INCLUDED','Accesorios incluidos','Manguera de alta presión\nPistola de alta presión, Lanza extensora, Lanza ajustable, Botella de detergente, Soporte de manguera de alta presión, Soporte de pistola de alta presión, Soporte de cable de alimentación, Tasa de sujeción','MLA26994480'),('ALPHANUMERIC_MODEL','Modelo alfanumérico','910-007458','MLA45508836'),('BRAND','Marca','Logitech','MLA36258543'),('BUTTONS_NUMBER','Cantidad de botones','3','MLA36496502'),('COLOR','Color','gris medio.','MLA36258543'),('COMPATIBLE_OPERATING_SYSTEMS','Sistemas operativos compatibles','Windows 7, Windows 10, Windows 8, Android, Mac','MLA45508836'),('COMPUTER_MOUSE_TYPE','Tipo de mouse','Trackball','MLA36496502'),('CONNECTIVITY','Conectividad','HDMI, DisplayPort','MLA47513767'),('DETAILED_MODEL','Modelo detallado','910-004285','MLA45902920'),('DETAILED_MODEL_NEW','Modelo detallado nuevo','N50903-32D7X-17593928','MLA50972670'),('EDITION','Edición','OC Edition','MLA51056239'),('FREQUENCY','Frecuencia','50 Hz','MLA26994480'),('GRAPHICS_CARDS_SLOT_SIZE','Tamaño de la ranura','2','MLA50972670'),('GRAPHICS_MEMORY_TYPE','Tipo de memoria gráfica','GDDR7','MLA47513767'),('HAND_ORIENTATION','Orientación de la mano','Ambidiestro','MLA36496502'),('HEIGHT','Altura','9 cm','MLA36258543'),('INCLUDES_BATTERY','Incluye batería','No','MLA26994480'),('INCLUDES_CELL_BATTERIES','Incluye pilas','Sí','MLA45508836'),('INCLUDES_CHARGER','Incluye cargador','Sí','MLA26994480'),('INCLUDES_DETERGENT_DISPENSER','Incluye dosificador de detergente','Sí','MLA26994480'),('INCLUDES_HOSE','Incluye manguera','Sí','MLA26994480'),('INCLUDES_MOUSEPAD','Incluye mousepad','No','MLA45508836'),('INCLUDES_WATER_TANK','Incluye tanque de agua','No','MLA26994480'),('INTERFACES','Interfaces','Bluetooth','MLA45508836'),('IS_DIRECTX_COMPATIBLE','Es compatible con directX','Sí','MLA50005295'),('IS_ERGONOMIC','Es ergonómica','No','MLA45508836'),('IS_GAMER','Es gamer','No','MLA36496502'),('IS_OPENGL_COMPATIBLE','Es compatible con openGL','Sí','MLA50005295'),('IS_RECHARGEABLE','Es recargable','No','MLA45508836'),('IS_SUITABLE_FOR_HOT_WATER','Es apto para agua caliente','No','MLA26994480'),('IS_WIRELESS','Es inalámbrico','Sí','MLA36258543'),('LENGTH','Largo','18 cm','MLA36258543'),('LINE','Línea','Mouses','MLA36496502'),('MAIN_COLOR','Color principal','Gris','MLA36496502'),('MANUFACTURER','Fabricante','Logitech','MLA36496502'),('MAX_PRESSURE','Presión máxima','110 bar','MLA26994480'),('MAX_REACH','Alcance máximo','10 cm','MLA45508836'),('MAX_RESOLUTION','Resolución máxima','8K','MLA48690693'),('MAX_SPEED','Velocidad máxima','0 ips','MLA45902920'),('MAX_WATER_TEMPERATURE','Temperatura máxima de agua','50 °C','MLA26994480'),('MEMORY_BUS','Bus de memoria','512 bit','MLA47513767'),('MEMORY_SIZE','Tamaño de la memoria','32 GB','MLA47513767'),('MODEL','Modelo','B087Z6P16M','MLA36258543'),('MONITOR_OUTPUTS_NUMBER','Número de salidas de monitor','4','MLA50972670'),('MOTHERBOARD_INTERFACE','Interfaz con la placa madre','PCI-E 5.0','MLA47513767'),('MPN','MPN','4330128571','MLA26801041'),('PISTONS_MATERIAL','Material de los pistones','Acero','MLA26994480'),('POWER_INPUT_TYPE','Tipo de entrada de energía','16 pin','MLA48690693'),('POWER_SUPPLY_TYPE','Tipo de alimentación','Corriente eléctrica','MLA26994480'),('PRESSURE_WASHER_HEIGHT','Alto de la hidrolavadora','36 cm','MLA26994480'),('PRESSURE_WASHER_LENGTH','Largo de la hidrolavadora','24 cm','MLA26994480'),('PRESSURE_WASHER_WEIGHT','Peso de la hidrolavadora','4.9 kg','MLA26994480'),('PRESSURE_WASHER_WIDTH','Ancho de la hidrolavadora','25 cm','MLA26994480'),('RADIO_FREQUENCY','Radio frecuencia','2.4 GHz','MLA45902920'),('RECOMMENDED_USES','Usos recomendados','Balcones y pasillos, Bicicletas, Muebles y artículos de jardín, Pisos y paredes de patios, Terrazas, Vehículos','MLA26994480'),('REFRIGERATION_TYPE','Tipo de refrigeración','Aire','MLA47801039'),('RELEASE_YEAR','Año de lanzamiento','2024','MLA50972670'),('SENSOR_RESOLUTION','Resolución del sensor','1200 dpi','MLA36496502'),('SENSOR_TECHNOLOGY','Tecnología del sensor','Segumiento óptico uniforme','MLA45508836'),('SENSOR_TYPE','Tipo de sensor','Óptico','MLA36496502'),('SERIES','Serie','RTX 5090','MLA51056239'),('SOUND_PRESSURE_LEVEL','Nivel de presión sonora','92 dBA','MLA26994480'),('SURFACE_PERFORMANCE','Rendimiento de superficie','20 m²/h','MLA26994480'),('TOTAL_GRAPHICS_POWER','Potencia gráfica total','450 W','MLA50972670'),('VOLTAGE','Voltaje','220V','MLA26994480'),('WATER_FLOW','Caudal de agua','6.5 l/min','MLA26994480'),('WEIGHT','Peso','140 g','MLA36258543'),('WIDTH','Ancho','11 cm','MLA36258543'),('WIRELESS_POWER_SUPPLY_TYPE','Tipo de alimentación inalámbrica','Pilas','MLA45508836'),('WITH_BLUETOOTH','Con Bluetooth','No','MLA36496502'),('WITH_DIFFERENT_JETS_TYPES','Con diferentes tipos de chorros','Sí','MLA26994480'),('WITH_ENERGY_SAVING_SWITCH','Con interruptor de ahorro de energía','Sí','MLA45508836'),('WITH_FOAM_DEPOSITE','Con depósito de espuma','Sí','MLA26994480'),('WITH_GRAPHIC_MEMORY_ECC','Con memoria gráfica ECC','No','MLA50972670'),('WITH_HOSE_REEL','Con carrete de manguera','No','MLA26994480'),('WITH_INMETRO_CERTIFICATE','Con certificado INMETRO','No','MLA26994480'),('WITH_LIGHTS','Con luces','No','MLA45508836'),('WITH_OVERHEATING_PROTECTOR','Con protector de sobrecalentamiento','Sí','MLA26994480'),('WITH_PARKING_BRAKE','Con freno de estacionamiento','No','MLA26994480'),('WITH_RETRACTABLE_CABLE','Con cable retráctil','No','MLA45508836'),('WITH_SCROLL','Con rueda de desplazamiento','Sí','MLA45508836'),('WITH_TRANSPORT_HANDLE','Con mango para transportar','Sí','MLA26994480'),('WITH_USB_CONNECTION','Con conexión USB','Sí','MLA36496502'),('WITH_WATER_FILTER','Con filtro de agua','Sí','MLA26994480'),('WITH_WHEELS','Con ruedas','No','MLA26994480'),('WITH_WIRE','Con cable','Sí','MLA36496502');
/*!40000 ALTER TABLE `product_attribute` ENABLE KEYS */;
UNLOCK TABLES;

--
-- Dumping data for table `product_pictures`
--

LOCK TABLES `product_pictures` WRITE;
/*!40000 ALTER TABLE `product_pictures` DISABLE KEYS */;
INSERT INTO `product_pictures` VALUES ('MLA26994480','https://http2.mlstatic.com/D_NQ_NP_792068-MLA83532728500_042025-F.jpg'),('MLA26994480','https://http2.mlstatic.com/D_NQ_NP_615295-MLA84752515809_052025-F.jpg'),('MLA26994480','https://http2.mlstatic.com/D_NQ_NP_612800-MLA83825605107_042025-F.jpg'),('MLA26994480','https://http2.mlstatic.com/D_NQ_NP_806927-MLA83825566079_042025-F.jpg'),('MLA26994480','https://http2.mlstatic.com/D_NQ_NP_892046-MLA83825605121_042025-F.jpg'),('MLA26994480','https://http2.mlstatic.com/D_NQ_NP_620465-MLA83825566085_042025-F.jpg'),('MLA26994480','https://http2.mlstatic.com/D_NQ_NP_949152-MLA83532747834_042025-F.jpg'),('MLA26994480','https://http2.mlstatic.com/D_NQ_NP_771546-MLA83825605137_042025-F.jpg'),('MLA26994480','https://http2.mlstatic.com/D_NQ_NP_677067-MLA83532728542_042025-F.jpg'),('MLA51239787','https://http2.mlstatic.com/D_NQ_NP_942944-MLA85799430606_062025-F.jpg'),('MLA51239787','https://http2.mlstatic.com/D_NQ_NP_601294-MLA85799420604_062025-F.jpg'),('MLA50972670','https://http2.mlstatic.com/D_NQ_NP_978488-MLA85407783406_062025-F.jpg'),('MLA50972670','https://http2.mlstatic.com/D_NQ_NP_820744-MLA85407783408_062025-F.jpg'),('MLA46652763','https://http2.mlstatic.com/D_NQ_NP_916375-MLA82841956221_032025-F.jpg'),('MLA46652763','https://http2.mlstatic.com/D_NQ_NP_860317-MLA82841918061_032025-F.jpg'),('MLA46652763','https://http2.mlstatic.com/D_NQ_NP_868375-MLA82841840021_032025-F.jpg'),('MLA46652763','https://http2.mlstatic.com/D_NQ_NP_931220-MLA82841918063_032025-F.jpg'),('MLA46652763','https://http2.mlstatic.com/D_NQ_NP_914916-MLA82841840027_032025-F.jpg'),('MLA46652763','https://http2.mlstatic.com/D_NQ_NP_882967-MLA82841956227_032025-F.jpg'),('MLA48690693','https://http2.mlstatic.com/D_NQ_NP_785995-MLA83567956776_042025-F.jpg'),('MLA48690693','https://http2.mlstatic.com/D_NQ_NP_951481-MLA83860846385_042025-F.jpg'),('MLA48690693','https://http2.mlstatic.com/D_NQ_NP_836408-MLA83567917198_042025-F.jpg'),('MLA47801039','https://http2.mlstatic.com/D_NQ_NP_997319-MLA83333245582_042025-F.jpg'),('MLA47801039','https://http2.mlstatic.com/D_NQ_NP_711149-MLA83333245588_042025-F.jpg'),('MLA47801039','https://http2.mlstatic.com/D_NQ_NP_638863-MLA83333245592_042025-F.jpg'),('MLA47801039','https://http2.mlstatic.com/D_NQ_NP_979941-MLA83333255108_042025-F.jpg'),('MLA47801039','https://http2.mlstatic.com/D_NQ_NP_916044-MLA83333199204_042025-F.jpg'),('MLA47801039','https://http2.mlstatic.com/D_NQ_NP_895026-MLA83333199214_042025-F.jpg'),('MLA50005295','https://http2.mlstatic.com/D_NQ_NP_729473-MLA84416035336_052025-F.jpg'),('MLA50005295','https://http2.mlstatic.com/D_NQ_NP_921207-MLA84713620841_052025-F.jpg'),('MLA50005295','https://http2.mlstatic.com/D_NQ_NP_714342-MLA84713676747_052025-F.jpg'),('MLA50005295','https://http2.mlstatic.com/D_NQ_NP_664220-MLA84713696897_052025-F.jpg'),('MLA50005295','https://http2.mlstatic.com/D_NQ_NP_842592-MLA84713696911_052025-F.jpg'),('MLA47222658','https://http2.mlstatic.com/D_NQ_NP_749564-MLA83129702067_032025-F.jpg'),('MLA47222658','https://http2.mlstatic.com/D_NQ_NP_998463-MLA82841375334_032025-F.jpg'),('MLA47222658','https://http2.mlstatic.com/D_NQ_NP_638120-MLA82841298990_032025-F.jpg'),('MLA47222658','https://http2.mlstatic.com/D_NQ_NP_857725-MLA83129711339_032025-F.jpg'),('MLA47222658','https://http2.mlstatic.com/D_NQ_NP_921475-MLA83129711367_032025-F.jpg'),('MLA47222658','https://http2.mlstatic.com/D_NQ_NP_746581-MLA82841375396_032025-F.jpg'),('MLA47222658','https://http2.mlstatic.com/D_NQ_NP_743200-MLA83129711393_032025-F.jpg'),('MLA46344370','https://http2.mlstatic.com/D_NQ_NP_872200-MLA82358544106_022025-F.jpg'),('MLA51056239','https://http2.mlstatic.com/D_NQ_NP_709200-MLA85805608589_062025-F.jpg'),('MLA51056239','https://http2.mlstatic.com/D_NQ_NP_744975-MLA85805521359_062025-F.jpg'),('MLA51056239','https://http2.mlstatic.com/D_NQ_NP_710594-MLA85805608613_062025-F.jpg'),('MLA51056239','https://http2.mlstatic.com/D_NQ_NP_987508-MLA85805550371_062025-F.jpg'),('MLA51056239','https://http2.mlstatic.com/D_NQ_NP_745360-MLA85498434852_062025-F.jpg'),('MLA51056239','https://http2.mlstatic.com/D_NQ_NP_794883-MLA85498434872_062025-F.jpg'),('MLA51056239','https://http2.mlstatic.com/D_NQ_NP_826663-MLA85498222338_062025-F.jpg'),('MLA51056239','https://http2.mlstatic.com/D_NQ_NP_615015-MLA85805579591_062025-F.jpg'),('MLA47513767','https://http2.mlstatic.com/D_NQ_NP_942407-MLA83380474351_032025-F.jpg'),('MLA47513767','https://http2.mlstatic.com/D_NQ_NP_844989-MLA83381045901_032025-F.jpg'),('MLA47513767','https://http2.mlstatic.com/D_NQ_NP_643427-MLA83090636792_032025-F.jpg'),('MLA47513767','https://http2.mlstatic.com/D_NQ_NP_798601-MLA83381045909_032025-F.jpg'),('MLA44791042','https://http2.mlstatic.com/D_NQ_NP_916902-MLA81429372989_122024-F.jpg'),('MLA44791042','https://http2.mlstatic.com/D_NQ_NP_984879-MLA81161558266_122024-F.jpg'),('MLA25564493','https://http2.mlstatic.com/D_NQ_NP_893087-MLU70812736919_082023-F.jpg'),('MLA25564493','https://http2.mlstatic.com/D_NQ_NP_870811-MLU70812787033_082023-F.jpg'),('MLA25564493','https://http2.mlstatic.com/D_NQ_NP_641133-MLU70812736921_082023-F.jpg'),('MLA25564493','https://http2.mlstatic.com/D_NQ_NP_891533-MLU70812836875_082023-F.jpg'),('MLA25564493','https://http2.mlstatic.com/D_NQ_NP_937179-MLU70812757211_082023-F.jpg'),('MLA49520561','https://http2.mlstatic.com/D_NQ_NP_756202-MLA84572369999_052025-F.jpg'),('MLA49520561','https://http2.mlstatic.com/D_NQ_NP_936541-MLA84275387790_052025-F.jpg'),('MLA49520561','https://http2.mlstatic.com/D_NQ_NP_933169-MLA84275313336_052025-F.jpg'),('MLA49520561','https://http2.mlstatic.com/D_NQ_NP_761179-MLA84275387798_052025-F.jpg'),('MLA6504816','https://http2.mlstatic.com/D_NQ_NP_736145-MLA74650235972_022024-F.jpg'),('MLA16403602','https://http2.mlstatic.com/D_NQ_NP_634072-MLU75329570455_032024-F.jpg'),('MLA16403602','https://http2.mlstatic.com/D_NQ_NP_894848-MLA44228328887_122020-F.jpg'),('MLA24671004','https://http2.mlstatic.com/D_NQ_NP_769645-MLU70636387087_072023-F.jpg'),('MLA24671004','https://http2.mlstatic.com/D_NQ_NP_999040-MLU70607814260_072023-F.jpg'),('MLA24671004','https://http2.mlstatic.com/D_NQ_NP_766400-MLU70607814262_072023-F.jpg'),('MLA24671004','https://http2.mlstatic.com/D_NQ_NP_625462-MLU70607814270_072023-F.jpg'),('MLA24671004','https://http2.mlstatic.com/D_NQ_NP_852455-MLU70607814272_072023-F.jpg'),('MLA14845068','https://http2.mlstatic.com/D_NQ_NP_622979-MLU75174239598_032024-F.jpg'),('MLA20934955','https://http2.mlstatic.com/D_NQ_NP_787080-MLU77898427474_082024-F.jpg'),('MLA20934955','https://http2.mlstatic.com/D_NQ_NP_892461-MLU77898544806_082024-F.jpg'),('MLA20934955','https://http2.mlstatic.com/D_NQ_NP_888346-MLU78121265149_082024-F.jpg'),('MLA20934955','https://http2.mlstatic.com/D_NQ_NP_718931-MLU78121108577_082024-F.jpg'),('MLA20934955','https://http2.mlstatic.com/D_NQ_NP_668425-MLU77898368024_082024-F.jpg'),('MLA20934955','https://http2.mlstatic.com/D_NQ_NP_665889-MLU77898368036_082024-F.jpg'),('MLA20934955','https://http2.mlstatic.com/D_NQ_NP_991420-MLU77898320010_082024-F.jpg'),('MLA20934955','https://http2.mlstatic.com/D_NQ_NP_929596-MLU78121265241_082024-F.jpg'),('MLA49651770','https://http2.mlstatic.com/D_NQ_NP_915487-MLA84300353886_052025-F.jpg'),('MLA20540481','https://http2.mlstatic.com/D_NQ_NP_635102-MCO41139376434_032020-F.jpg'),('MLA20540481','https://http2.mlstatic.com/D_NQ_NP_862779-MCO41464940006_042020-F.jpg'),('MLA23700789','https://http2.mlstatic.com/D_NQ_NP_828095-MLA83640416879_042025-F.jpg'),('MLA23700789','https://http2.mlstatic.com/D_NQ_NP_663958-MLA83640367737_042025-F.jpg'),('MLA23700789','https://http2.mlstatic.com/D_NQ_NP_995804-MLU77826389710_072024-F.jpg'),('MLA23700789','https://http2.mlstatic.com/D_NQ_NP_969376-MLU75008661778_032024-F.jpg'),('MLA34239468','https://http2.mlstatic.com/D_NQ_NP_666963-MLU75001206277_032024-F.jpg'),('MLA34239468','https://http2.mlstatic.com/D_NQ_NP_930229-MLU75000694155_032024-F.jpg'),('MLA34239468','https://http2.mlstatic.com/D_NQ_NP_639763-MLU75000694161_032024-F.jpg'),('MLA34239468','https://http2.mlstatic.com/D_NQ_NP_940466-MLU75001284887_032024-F.jpg'),('MLA34239468','https://http2.mlstatic.com/D_NQ_NP_963440-MLU75001284891_032024-F.jpg'),('MLA34239468','https://http2.mlstatic.com/D_NQ_NP_921847-MLU75001245645_032024-F.jpg'),('MLA34239468','https://http2.mlstatic.com/D_NQ_NP_916708-MLU75001206299_032024-F.jpg'),('MLA50419113','https://http2.mlstatic.com/D_NQ_NP_789877-MLA84869875786_052025-F.jpg'),('MLA50419113','https://http2.mlstatic.com/D_NQ_NP_979191-MLA84869875790_052025-F.jpg'),('MLA50419113','https://http2.mlstatic.com/D_NQ_NP_715772-MLA84869875794_052025-F.jpg'),('MLA50419113','https://http2.mlstatic.com/D_NQ_NP_734255-MLA84869523486_052025-F.jpg'),('MLA15698869','https://http2.mlstatic.com/D_NQ_NP_720093-MLU72641782443_112023-F.jpg'),('MLA15698869','https://http2.mlstatic.com/D_NQ_NP_867231-MLU69973925963_062023-F.jpg'),('MLA15698869','https://http2.mlstatic.com/D_NQ_NP_904422-MLU69973925965_062023-F.jpg'),('MLA15698869','https://http2.mlstatic.com/D_NQ_NP_752679-MLU69972651009_062023-F.jpg'),('MLA15698869','https://http2.mlstatic.com/D_NQ_NP_881826-MLU70065106049_062023-F.jpg'),('MLA15698869','https://http2.mlstatic.com/D_NQ_NP_791845-MLU72677139963_112023-F.jpg'),('MLA26801041','https://http2.mlstatic.com/D_NQ_NP_716161-MLU78460153874_082024-F.jpg'),('MLA23695948','https://http2.mlstatic.com/D_NQ_NP_903854-MLU75749751979_042024-F.jpg'),('MLA23695948','https://http2.mlstatic.com/D_NQ_NP_620912-MLU75749732139_042024-F.jpg'),('MLA23695948','https://http2.mlstatic.com/D_NQ_NP_847511-MLA79439129402_102024-F.jpg'),('MLA23695948','https://http2.mlstatic.com/D_NQ_NP_764318-MLU75749811529_042024-F.jpg'),('MLA23695948','https://http2.mlstatic.com/D_NQ_NP_714584-MLU75749742075_042024-F.jpg'),('MLA23695948','https://http2.mlstatic.com/D_NQ_NP_891438-MLA79439129406_102024-F.jpg'),('MLA27831183','https://http2.mlstatic.com/D_NQ_NP_793359-MLU72405562173_102023-F.jpg'),('MLA27831183','https://http2.mlstatic.com/D_NQ_NP_615999-MLU72405562175_102023-F.jpg'),('MLA27831183','https://http2.mlstatic.com/D_NQ_NP_995417-MLU72405689291_102023-F.jpg'),('MLA27831183','https://http2.mlstatic.com/D_NQ_NP_604854-MLU72405513013_102023-F.jpg'),('MLA27831183','https://http2.mlstatic.com/D_NQ_NP_694753-MLU72405562191_102023-F.jpg'),('MLA28174098','https://http2.mlstatic.com/D_NQ_NP_686078-MLU72868258084_112023-F.jpg'),('MLA28174098','https://http2.mlstatic.com/D_NQ_NP_872814-MLU72868238168_112023-F.jpg'),('MLA28174098','https://http2.mlstatic.com/D_NQ_NP_817344-MLU72868258096_112023-F.jpg'),('MLA20201821','https://http2.mlstatic.com/D_NQ_NP_828095-MLA83640416879_042025-F.jpg'),('MLA20201821','https://http2.mlstatic.com/D_NQ_NP_663958-MLA83640367737_042025-F.jpg'),('MLA20201821','https://http2.mlstatic.com/D_NQ_NP_995804-MLU77826389710_072024-F.jpg'),('MLA20201821','https://http2.mlstatic.com/D_NQ_NP_969376-MLU75008661778_032024-F.jpg'),('MLA28158726','https://http2.mlstatic.com/D_NQ_NP_702255-MLU74111549863_012024-F.jpg'),('MLA28158726','https://http2.mlstatic.com/D_NQ_NP_603011-MLU72944978679_112023-F.jpg'),('MLA28158726','https://http2.mlstatic.com/D_NQ_NP_602202-MLU74021416280_012024-F.jpg'),('MLA20032972','https://http2.mlstatic.com/D_NQ_NP_650788-MLU78136999368_082024-F.jpg'),('MLA20032972','https://http2.mlstatic.com/D_NQ_NP_932759-MLU71776305672_092023-F.jpg'),('MLA36612441','https://http2.mlstatic.com/D_NQ_NP_872648-MLU76189655471_052024-F.jpg'),('MLA36612441','https://http2.mlstatic.com/D_NQ_NP_826858-MLU76189152761_052024-F.jpg'),('MLA36612441','https://http2.mlstatic.com/D_NQ_NP_698451-MLU76189596515_052024-F.jpg'),('MLA27147200','https://http2.mlstatic.com/D_NQ_NP_808138-MLU71791632969_092023-F.jpg'),('MLA27147200','https://http2.mlstatic.com/D_NQ_NP_826706-MLU71740315096_092023-F.jpg'),('MLA27147200','https://http2.mlstatic.com/D_NQ_NP_875442-MLU74178545979_012024-F.jpg'),('MLA45401917','https://http2.mlstatic.com/D_NQ_NP_690359-MLA81872260477_012025-F.jpg'),('MLA45401917','https://http2.mlstatic.com/D_NQ_NP_768252-MLA81600976658_012025-F.jpg'),('MLA45401917','https://http2.mlstatic.com/D_NQ_NP_806512-MLA81872260501_012025-F.jpg'),('MLA45401917','https://http2.mlstatic.com/D_NQ_NP_986381-MLA81600976686_012025-F.jpg'),('MLA36037221','https://http2.mlstatic.com/D_NQ_NP_725058-MLU75921844587_042024-F.jpg'),('MLA36037221','https://http2.mlstatic.com/D_NQ_NP_653423-MLU75754175186_042024-F.jpg'),('MLA36037221','https://http2.mlstatic.com/D_NQ_NP_996734-MLU78192088739_082024-F.jpg'),('MLA24044252','https://http2.mlstatic.com/D_NQ_NP_767134-MLU73785311764_012024-F.jpg'),('MLA24044252','https://http2.mlstatic.com/D_NQ_NP_770087-MLA79787412197_102024-F.jpg'),('MLA24044252','https://http2.mlstatic.com/D_NQ_NP_801439-MLU70424824337_072023-F.jpg'),('MLA24044252','https://http2.mlstatic.com/D_NQ_NP_717379-MLU70400778508_072023-F.jpg'),('MLA24044252','https://http2.mlstatic.com/D_NQ_NP_763990-MLA79539980918_102024-F.jpg'),('MLA24044252','https://http2.mlstatic.com/D_NQ_NP_900639-MLA79787555507_102024-F.jpg'),('MLA24044252','https://http2.mlstatic.com/D_NQ_NP_947500-MLA79787555525_102024-F.jpg'),('MLA34226398','https://http2.mlstatic.com/D_NQ_NP_887683-MLU74848720572_032024-F.jpg'),('MLA34226398','https://http2.mlstatic.com/D_NQ_NP_656931-MLU74985366765_032024-F.jpg'),('MLA34226398','https://http2.mlstatic.com/D_NQ_NP_856406-MLA85465792842_062025-F.jpg'),('MLA34226398','https://http2.mlstatic.com/D_NQ_NP_676006-MLA85772843745_062025-F.jpg'),('MLA34226398','https://http2.mlstatic.com/D_NQ_NP_997543-MLA85465792858_062025-F.jpg'),('MLA34226398','https://http2.mlstatic.com/D_NQ_NP_653481-MLA85772804351_062025-F.jpg'),('MLA34226398','https://http2.mlstatic.com/D_NQ_NP_785500-MLA85773010625_062025-F.jpg'),('MLA26580853','https://http2.mlstatic.com/D_NQ_NP_881437-MLU71263710160_082023-F.jpg'),('MLA26580853','https://http2.mlstatic.com/D_NQ_NP_815682-MLU75683137264_042024-F.jpg'),('MLA26580853','https://http2.mlstatic.com/D_NQ_NP_920179-MLU74192183433_012024-F.jpg'),('MLA26580853','https://http2.mlstatic.com/D_NQ_NP_805021-MLU71305735149_082023-F.jpg'),('MLA26580853','https://http2.mlstatic.com/D_NQ_NP_963557-MLU71305735145_082023-F.jpg'),('MLA26580853','https://http2.mlstatic.com/D_NQ_NP_792964-MLU75683108430_042024-F.jpg'),('MLA26580853','https://http2.mlstatic.com/D_NQ_NP_731308-MLU75683069614_042024-F.jpg'),('MLA26580853','https://http2.mlstatic.com/D_NQ_NP_743763-MLU75683098324_042024-F.jpg'),('MLA26580853','https://http2.mlstatic.com/D_NQ_NP_964749-MLU75683108438_042024-F.jpg'),('MLA26580853','https://http2.mlstatic.com/D_NQ_NP_653705-MLU75683108442_042024-F.jpg'),('MLA26580853','https://http2.mlstatic.com/D_NQ_NP_790943-MLU75683137286_042024-F.jpg'),('MLA39321074','https://http2.mlstatic.com/D_NQ_NP_949198-MLU78165067400_082024-F.jpg'),('MLA39321074','https://http2.mlstatic.com/D_NQ_NP_645360-MLU78164911090_082024-F.jpg'),('MLA39321074','https://http2.mlstatic.com/D_NQ_NP_812814-MLU78165067426_082024-F.jpg'),('MLA22285785','https://http2.mlstatic.com/D_NQ_NP_933362-MLU71553165363_092023-F.jpg'),('MLA22285785','https://http2.mlstatic.com/D_NQ_NP_997156-MLU71505776692_092023-F.jpg'),('MLA22285785','https://http2.mlstatic.com/D_NQ_NP_915867-MLU71505875006_092023-F.jpg'),('MLA22285785','https://http2.mlstatic.com/D_NQ_NP_705576-MLU71505561950_092023-F.jpg'),('MLA22285785','https://http2.mlstatic.com/D_NQ_NP_826904-MLU71505875008_092023-F.jpg'),('MLA6081364','https://http2.mlstatic.com/D_NQ_NP_650578-MLA74226096483_012024-F.jpg'),('MLA6081364','https://http2.mlstatic.com/D_NQ_NP_792014-MLU75181706952_032024-F.jpg'),('MLA36546336','https://http2.mlstatic.com/D_NQ_NP_762232-MLU76163074803_052024-F.jpg'),('MLA36546336','https://http2.mlstatic.com/D_NQ_NP_893254-MLU76162791929_052024-F.jpg'),('MLA36546336','https://http2.mlstatic.com/D_NQ_NP_631070-MLU76162752511_052024-F.jpg'),('MLA24613072','https://http2.mlstatic.com/D_NQ_NP_800281-MLU74151039416_012024-F.jpg'),('MLA24613072','https://http2.mlstatic.com/D_NQ_NP_649584-MLU74151039420_012024-F.jpg'),('MLA24613072','https://http2.mlstatic.com/D_NQ_NP_602908-MLU74151039424_012024-F.jpg'),('MLA24613072','https://http2.mlstatic.com/D_NQ_NP_820403-MLU74151001366_012024-F.jpg'),('MLA24613072','https://http2.mlstatic.com/D_NQ_NP_854057-MLU74151001364_012024-F.jpg'),('MLA45902920','https://http2.mlstatic.com/D_NQ_NP_933099-MLA82274725431_022025-F.jpg'),('MLA45902920','https://http2.mlstatic.com/D_NQ_NP_630647-MLA82274623233_022025-F.jpg'),('MLA45902920','https://http2.mlstatic.com/D_NQ_NP_980328-MLA82274670441_022025-F.jpg'),('MLA45902920','https://http2.mlstatic.com/D_NQ_NP_870803-MLA81992940632_022025-F.jpg'),('MLA45902920','https://http2.mlstatic.com/D_NQ_NP_982767-MLA82274725449_022025-F.jpg'),('MLA23266382','https://http2.mlstatic.com/D_NQ_NP_618549-MLU69647187401_052023-F.jpg'),('MLA23266382','https://http2.mlstatic.com/D_NQ_NP_796182-MLU69647187403_052023-F.jpg'),('MLA23266382','https://http2.mlstatic.com/D_NQ_NP_704974-MLU69645902107_052023-F.jpg'),('MLA45508836','https://http2.mlstatic.com/D_NQ_NP_975875-MLA81967261931_012025-F.jpg'),('MLA45508836','https://http2.mlstatic.com/D_NQ_NP_718843-MLA83112973521_032025-F.jpg'),('MLA45508836','https://http2.mlstatic.com/D_NQ_NP_809570-MLA82824895668_032025-F.jpg'),('MLA45508836','https://http2.mlstatic.com/D_NQ_NP_883858-MLA82824772770_032025-F.jpg'),('MLA36553131','https://http2.mlstatic.com/D_NQ_NP_908838-MLU76163624983_052024-F.jpg'),('MLA36553131','https://http2.mlstatic.com/D_NQ_NP_905688-MLU76163624989_052024-F.jpg'),('MLA36553131','https://http2.mlstatic.com/D_NQ_NP_909212-MLU76163644801_052024-F.jpg'),('MLA36553131','https://http2.mlstatic.com/D_NQ_NP_738943-MLU76163644807_052024-F.jpg'),('MLA36496502','https://http2.mlstatic.com/D_NQ_NP_772379-MLU76143361085_052024-F.jpg'),('MLA36496502','https://http2.mlstatic.com/D_NQ_NP_878987-MLU76143626137_052024-F.jpg'),('MLA36496502','https://http2.mlstatic.com/D_NQ_NP_937817-MLU75965509540_052024-F.jpg'),('MLA36496502','https://http2.mlstatic.com/D_NQ_NP_661632-MLU76143626161_052024-F.jpg'),('MLA36496502','https://http2.mlstatic.com/D_NQ_NP_854572-MLU75965432472_052024-F.jpg'),('MLA36258543','https://http2.mlstatic.com/D_NQ_NP_932200-MLU76073286127_042024-F.jpg'),('MLA36258543','https://http2.mlstatic.com/D_NQ_NP_644639-MLU76072828779_042024-F.jpg');
/*!40000 ALTER TABLE `product_pictures` ENABLE KEYS */;
UNLOCK TABLES;

--
-- Dumping data for table `purchase`
--

LOCK TABLES `purchase` WRITE;
/*!40000 ALTER TABLE `purchase` DISABLE KEYS */;
INSERT INTO `purchase` VALUES (1,'2025-07-01 18:15:31.750542',628231.749895527,1),(2,'2025-07-01 18:20:22.072988',8426645.520558106,2);
/*!40000 ALTER TABLE `purchase` ENABLE KEYS */;
UNLOCK TABLES;

--
-- Dumping data for table `purchase_item`
--

LOCK TABLES `purchase_item` WRITE;
/*!40000 ALTER TABLE `purchase_item` DISABLE KEYS */;
INSERT INTO `purchase_item` VALUES (1,1,628231.749895527,'MLA26994480',1),(2,10,6319396.2283874685,'MLA51239787',2),(3,5,2107249.2921706378,'MLA20201821',2);
/*!40000 ALTER TABLE `purchase_item` ENABLE KEYS */;
UNLOCK TABLES;

--
-- Dumping data for table `review`
--

LOCK TABLES `review` WRITE;
/*!40000 ALTER TABLE `review` DISABLE KEYS */;
/*!40000 ALTER TABLE `review` ENABLE KEYS */;
UNLOCK TABLES;

--
-- Dumping data for table `user_favorite_products`
--

LOCK TABLES `user_favorite_products` WRITE;
/*!40000 ALTER TABLE `user_favorite_products` DISABLE KEYS */;
INSERT INTO `user_favorite_products` VALUES (1,'MLA26994480'),(2,'MLA51239787');
/*!40000 ALTER TABLE `user_favorite_products` ENABLE KEYS */;
UNLOCK TABLES;
/*!40103 SET TIME_ZONE=@OLD_TIME_ZONE */;

/*!40101 SET SQL_MODE=@OLD_SQL_MODE */;
/*!40014 SET FOREIGN_KEY_CHECKS=@OLD_FOREIGN_KEY_CHECKS */;
/*!40014 SET UNIQUE_CHECKS=@OLD_UNIQUE_CHECKS */;
/*!40101 SET CHARACTER_SET_CLIENT=@OLD_CHARACTER_SET_CLIENT */;
/*!40101 SET CHARACTER_SET_RESULTS=@OLD_CHARACTER_SET_RESULTS */;
/*!40101 SET COLLATION_CONNECTION=@OLD_COLLATION_CONNECTION */;
/*!40111 SET SQL_NOTES=@OLD_SQL_NOTES */;

-- Dump completed on 2025-07-01 19:09:53
